PassengerId,Survived,Pclass,Name,Age,SibSp,Parch,Ticket,Fare,FamilySize,Age_z,Fare_z,Sex_female,Sex_male,Embarked_C,Embarked_Q,Embarked_S,IsAlone_No,IsAlone_Yes
1,0,3,"Braund, Mr. Owen Harris",22.0,1,0,A/5 21171,7.25,2,-0.5654188991856514,-0.5021631365156053,0,1,0,0,1,1,0
2,1,1,"Cumings, Mrs. John Bradley (Florence Briggs Thayer)",38.0,1,0,PC 17599,71.2833,2,0.663488390424261,0.7864036178345383,1,0,1,0,0,1,0
3,1,3,"Heikkinen, Miss. Laina",26.0,0,0,STON/O2. 3101282,7.925,1,-0.25819207678317324,-0.48857985158126105,1,0,0,0,1,0,1
4,1,1,"Futrelle, Mrs. Jacques Heath (Lily May Peel)",35.0,1,0,113803,53.1,2,0.4330682736224024,0.4204940697654092,1,0,0,0,1,1,0
5,0,3,"Allen, Mr. William Henry",35.0,0,0,373450,8.05,1,0.4330682736224024,-0.48606442844527137,0,1,0,0,1,0,1
6,0,3,"Moran, Mr. James",28.0,0,0,330877,8.4583,1,-0.10457866558193422,-0.4778480503138746,0,1,0,1,0,0,1
7,0,1,"McCarthy, Mr. Timothy J",54.0,0,0,17463,51.8625,1,1.8923956800341732,0.3955913807191113,0,1,0,0,1,0,1
8,0,3,"Palsson, Master. Gosta Leonard",2.0,3,1,349909,21.075,5,-2.1015530111980416,-0.22395733767514675,0,1,0,0,1,1,0
9,1,3,"Johnson, Mrs. Oscar W (Elisabeth Vilhelmina Berg)",27.0,0,2,347742,11.1333,3,-0.18138537118255374,-0.42401799520369554,1,0,0,0,1,1,0
10,1,2,"Nasser, Mrs. Nicholas (Adele Achem)",14.0,1,0,237736,30.0708,2,-1.1798725439906075,-0.04293139010125909,1,0,1,0,0,1,0
11,1,3,"Sandstrom, Miss. Marguerite Rut",4.0,1,1,PP 9549,16.7,3,-1.9479395999968028,-0.3119971474347855,1,0,0,0,1,1,0
12,1,1,"Bonnell, Miss. Elizabeth",58.0,0,0,113783,26.55,1,2.1996225024366516,-0.11378180431879875,1,0,0,0,1,0,1
13,0,3,"Saundercock, Mr. William Henry",20.0,0,0,A/5. 2151,8.05,1,-0.7190323103868904,-0.48606442844527137,0,1,0,0,1,0,1
14,0,3,"Andersson, Mr. Anders Johan",39.0,1,5,347082,31.275,7,0.7402950960248805,-0.01869880977838891,0,1,0,0,1,1,0
15,0,3,"Vestrom, Miss. Hulda Amanda Adolfina",14.0,0,0,350406,7.8542,1,-1.1798725439906075,-0.4900045872454856,1,0,0,0,1,0,1
16,1,2,"Hewlett, Mrs. (Mary D Kingcome) ",55.0,0,0,248706,16.0,1,1.9692023856347929,-0.32608351699632776,1,0,0,0,1,0,1
17,0,3,"Rice, Master. Eugene",2.0,4,1,382652,29.125,6,-2.1015530111980416,-0.061964087717411374,0,1,0,1,0,1,0
18,1,2,"Williams, Mr. Charles Eugene",28.0,0,0,244373,13.0,1,-0.10457866558193422,-0.38645367226008004,0,1,0,0,1,0,1
19,0,3,"Vander Planke, Mrs. Julius (Emelia Maria Vandemoortele)",31.0,1,0,345763,18.0,2,0.12584145121992435,-0.28583674682049287,1,0,0,0,1,1,0
20,1,3,"Masselmani, Mrs. Fatima",28.0,0,0,2649,7.225,1,-0.10457866558193422,-0.5026662211428032,1,0,1,0,0,0,1
21,0,2,"Fynney, Mr. Joseph J",35.0,0,0,239865,26.0,1,0.4330682736224024,-0.12484966611715337,0,1,0,0,1,0,1
22,1,2,"Beesley, Mr. Lawrence",34.0,0,0,248698,13.0,1,0.3562615680217829,-0.38645367226008004,0,1,0,0,1,0,1
23,1,3,"McGowan, Miss. Anna ""Annie""",15.0,0,0,330923,8.0292,1,-1.103065838389988,-0.48648299485510005,1,0,0,1,0,0,1
24,1,1,"Sloper, Mr. William Thompson",28.0,0,0,113788,35.5,1,-0.10457866558193422,0.06632249221806229,0,1,0,0,1,0,1
25,0,3,"Palsson, Miss. Torborg Danira",8.0,3,1,349909,21.075,5,-1.6407127775943247,-0.22395733767514675,1,0,0,0,1,1,0
26,1,3,"Asplund, Mrs. Carl Oscar (Selma Augusta Emilia Johansson)",38.0,1,5,347077,31.3875,7,0.663488390424261,-0.016434928955998185,1,0,0,0,1,1,0
27,0,3,"Emir, Mr. Farred Chehab",28.0,0,0,2631,7.225,1,-0.10457866558193422,-0.5026662211428032,0,1,1,0,0,0,1
28,0,1,"Fortune, Mr. Charles Alexander",19.0,3,2,19950,263.0,6,-0.79583901598751,4.644392599719279,0,1,0,0,1,1,0
29,1,3,"O'Dwyer, Miss. Ellen ""Nellie""",28.0,0,0,330959,7.8792,1,-0.10457866558193422,-0.4895015026182876,1,0,0,1,0,0,1
30,0,3,"Todoroff, Mr. Lalio",28.0,0,0,349216,7.8958,1,-0.10457866558193422,-0.4891674544258282,0,1,0,0,1,0,1
31,0,1,"Uruchurtu, Don. Manuel E",40.0,0,0,PC 17601,27.7208,1,0.8171018016255001,-0.09022134505786503,0,1,1,0,0,0,1
32,1,1,"Spencer, Mrs. William Augustus (Marie Eugenie)",28.0,1,0,PC 17569,146.5208,2,-0.10457866558193422,2.300436803386727,1,0,1,0,0,1,0
33,1,3,"Glynn, Miss. Mary Agatha",28.0,0,0,335677,7.75,1,-0.10457866558193422,-0.49210144397164657,1,0,0,1,0,0,1
34,0,2,"Wheadon, Mr. Edward H",66.0,0,0,C.A. 24579,10.5,1,2.8140761472416074,-0.43676213497987365,0,1,0,0,1,0,1
35,0,1,"Meyer, Mr. Edgar Joseph",28.0,1,0,PC 17604,82.1708,2,-0.10457866558193422,1.0054969729792393,0,1,1,0,0,1,0
36,0,1,"Holverson, Mr. Alexander Oskar",42.0,1,0,113789,52.0,2,0.970715212826739,0.39835834616870003,0,1,0,0,1,1,0
37,1,3,"Mamee, Mr. Hanna",28.0,0,0,2677,7.2292,1,-0.10457866558193422,-0.502581702925434,0,1,1,0,0,0,1
38,0,3,"Cann, Mr. Ernest Charles",21.0,0,0,A./5. 2152,8.05,1,-0.6422256047862709,-0.48606442844527137,0,1,0,0,1,0,1
39,0,3,"Vander Planke, Miss. Augusta Maria",18.0,2,0,345764,18.0,3,-0.8726457215881294,-0.28583674682049287,1,0,0,0,1,1,0
40,1,3,"Nicola-Yarred, Miss. Jamila",14.0,1,0,2651,11.2417,2,-1.1798725439906075,-0.4218366202601652,1,0,1,0,0,1,0
41,0,3,"Ahlin, Mrs. Johan (Johanna Persdotter Larsson)",40.0,1,0,7546,9.475,2,0.8171018016255001,-0.457388604694989,1,0,0,0,1,1,0
42,0,2,"Turpin, Mrs. William John Robert (Dorothy Ann Wonnacott)",27.0,1,0,11668,21.0,2,-0.18138537118255374,-0.22546659155674054,1,0,0,0,1,1,0
43,0,3,"Kraeff, Mr. Theodor",28.0,0,0,349253,7.8958,1,-0.10457866558193422,-0.4891674544258282,0,1,1,0,0,0,1
44,1,2,"Laroche, Miss. Simonne Marie Anne Andree",3.0,1,2,SC/Paris 2123,41.5792,4,-2.0247463055974224,0.18865657484452997,1,0,1,0,0,1,0
45,1,3,"Devaney, Miss. Margaret Delia",19.0,0,0,330958,7.8792,1,-0.79583901598751,-0.4895015026182876,1,0,0,1,0,0,1
46,0,3,"Rogers, Mr. William John",28.0,0,0,S.C./A.4. 23567,8.05,1,-0.10457866558193422,-0.48606442844527137,0,1,0,0,1,0,1
47,0,3,"Lennon, Mr. Denis",28.0,1,0,370371,15.5,2,-0.10457866558193422,-0.3361452095402864,0,1,0,1,0,1,0
48,1,3,"O'Driscoll, Miss. Bridget",28.0,0,0,14311,7.75,1,-0.10457866558193422,-0.49210144397164657,1,0,0,1,0,0,1
49,0,3,"Samaan, Mr. Youssef",28.0,2,0,2662,21.6792,3,-0.10457866558193422,-0.211798788405027,0,1,1,0,0,1,0
50,0,3,"Arnold-Franchi, Mrs. Josef (Josefine Franchi)",18.0,1,0,349237,17.8,2,-0.8726457215881294,-0.28986142383807634,1,0,0,0,1,1,0
51,0,3,"Panula, Master. Juha Niilo",7.0,4,1,3101295,39.6875,6,-1.717519483194944,0.15058916727371655,0,1,0,0,1,1,0
52,0,3,"Nosworthy, Mr. Richard Cater",21.0,0,0,A/4. 39886,7.8,1,-0.6422256047862709,-0.49109527471725073,0,1,0,0,1,0,1
53,1,1,"Harper, Mrs. Henry Sleeper (Myna Haxtun)",49.0,1,0,PC 17572,76.7292,2,1.5083621520310757,0.895993560684828,1,0,1,0,0,1,0
54,1,2,"Faunthorpe, Mrs. Lizzie (Elizabeth Anne Wilkinson)",29.0,1,0,2926,26.0,2,-0.027771959981314702,-0.12484966611715337,1,0,0,0,1,1,0
55,0,1,"Ostby, Mr. Engelhart Cornelius",65.0,0,1,113509,61.9792,2,2.737269441640988,0.5991736306380456,0,1,1,0,0,1,0
56,1,1,"Woolner, Mr. Hugh",28.0,0,0,19947,35.5,1,-0.10457866558193422,0.06632249221806229,0,1,0,0,1,0,1
57,1,2,"Rugg, Miss. Emily",21.0,0,0,C.A. 31026,10.5,1,-0.6422256047862709,-0.43676213497987365,1,0,0,0,1,0,1
58,0,3,"Novel, Mr. Mansouer",28.5,0,0,2697,7.2292,1,-0.06617531278162446,-0.502581702925434,0,1,1,0,0,0,1
59,1,2,"West, Miss. Constance Mirium",5.0,1,2,C.A. 34651,27.75,4,-1.8711328943961831,-0.08963374221329785,1,0,0,0,1,1,0
60,0,3,"Goodwin, Master. William Frederick",11.0,5,2,CA 2144,46.9,8,-1.410292660792466,0.29572908222032107,0,1,0,0,1,1,0
61,0,3,"Sirayanian, Mr. Orsen",22.0,0,0,2669,7.2292,1,-0.5654188991856514,-0.502581702925434,0,1,1,0,0,0,1
62,1,1,"Icard, Miss. Amelie",38.0,0,0,113572,80.0,1,0.663488390424261,0.9618131286303883,1,0,0,0,1,0,1
63,0,1,"Harris, Mr. Henry Birkhardt",45.0,1,0,36973,83.475,2,1.2011353296285976,1.0317418918109011,0,1,0,0,1,1,0
64,0,3,"Skoog, Master. Harald",4.0,3,2,347088,27.9,6,-1.9479395999968028,-0.08661523445011025,0,1,0,0,1,1,0
65,0,1,"Stewart, Mr. Albert A",28.0,0,0,PC 17605,27.7208,1,-0.10457866558193422,-0.09022134505786503,0,1,1,0,0,0,1
66,1,3,"Moubarek, Master. Gerios",28.0,1,1,2661,15.2458,3,-0.10457866558193422,-0.34126057402963506,0,1,1,0,0,1,0
67,1,2,"Nye, Mrs. (Elizabeth Ramell)",29.0,0,0,C.A. 29395,10.5,1,-0.027771959981314702,-0.43676213497987365,1,0,0,0,1,0,1
68,0,3,"Crease, Mr. Ernest James",19.0,0,0,S.P. 3464,8.1583,1,-0.79583901598751,-0.4838850658402499,0,1,0,0,1,0,1
69,1,3,"Andersson, Miss. Erna Alexandra",17.0,4,2,3101281,7.925,7,-0.9494524271887489,-0.48857985158126105,1,0,0,0,1,1,0
70,0,3,"Kink, Mr. Vincenz",26.0,2,0,315151,8.6625,3,-0.25819207678317324,-0.4737388550789219,0,1,0,0,1,1,0
71,0,2,"Jenkin, Mr. Stephen Curnow",32.0,0,0,C.A. 33111,10.5,1,0.20264815682054385,-0.43676213497987365,0,1,0,0,1,0,1
72,0,3,"Goodwin, Miss. Lillian Amy",16.0,5,2,CA 2144,46.9,8,-1.0262591327893684,0.29572908222032107,1,0,0,0,1,1,0
73,0,2,"Hood, Mr. Ambrose Jr",21.0,0,0,S.O.C. 14879,73.5,1,-0.6422256047862709,0.8310111255589249,0,1,0,0,1,0,1
74,0,3,"Chronopoulos, Mr. Apostolos",26.0,1,0,2680,14.4542,2,-0.25819207678317324,-0.3571902456652305,0,1,1,0,0,1,0
75,1,3,"Bing, Mr. Lee",32.0,0,0,1601,56.4958,1,0.20264815682054385,0.48882906084695926,0,1,0,0,1,0,1
76,0,3,"Moen, Mr. Sigurd Hansen",25.0,0,0,348123,7.65,1,-0.33499878238379277,-0.49411378248043836,0,1,0,0,1,0,1
77,0,3,"Staneff, Mr. Ivan",28.0,0,0,349208,7.8958,1,-0.10457866558193422,-0.4891674544258282,0,1,0,0,1,0,1
78,0,3,"Moutal, Mr. Rahamin Haim",28.0,0,0,374746,8.05,1,-0.10457866558193422,-0.48606442844527137,0,1,0,0,1,0,1
79,1,2,"Caldwell, Master. Alden Gates",0.83,0,2,248738,29.0,3,-2.1914168567507666,-0.06447951085340105,0,1,0,0,1,1,0
80,1,3,"Dowdell, Miss. Elizabeth",30.0,0,0,364516,12.475,1,0.04903474561930482,-0.39701844943123665,1,0,0,0,1,0,1
81,0,3,"Waelens, Mr. Achille",22.0,0,0,345767,9.0,1,-0.5654188991856514,-0.4669472126117498,0,1,0,0,1,0,1
82,1,3,"Sheerlinck, Mr. Jan Baptist",29.0,0,0,345779,9.5,1,-0.027771959981314702,-0.4568855200677911,0,1,0,0,1,0,1
83,1,3,"McDermott, Miss. Brigdet Delia",28.0,0,0,330932,7.7875,1,-0.10457866558193422,-0.49134681703084965,1,0,0,1,0,0,1
84,0,1,"Carrau, Mr. Francisco M",28.0,0,0,113059,47.1,1,-0.10457866558193422,0.2997537592379046,0,1,0,0,1,0,1
85,1,2,"Ilett, Miss. Bertha",17.0,0,0,SO/C 14885,10.5,1,-0.9494524271887489,-0.43676213497987365,1,0,0,0,1,0,1
86,1,3,"Backstrom, Mrs. Karl Alfred (Maria Mathilda Gustafsson)",33.0,3,0,3101278,15.85,4,0.27945486242116335,-0.32910202475951533,1,0,0,0,1,1,0
87,0,3,"Ford, Mr. William Neal",16.0,1,3,W./C. 6608,34.375,5,-1.0262591327893684,0.043683683994155176,0,1,0,0,1,1,0
88,0,3,"Slocovski, Mr. Selman Francis",28.0,0,0,SOTON/OQ 392086,8.05,1,-0.10457866558193422,-0.48606442844527137,0,1,0,0,1,0,1
89,1,1,"Fortune, Miss. Mabel Helen",23.0,3,2,19950,263.0,6,-0.48861219358503183,4.644392599719279,1,0,0,0,1,1,0
90,0,3,"Celotti, Mr. Francesco",24.0,0,0,343275,8.05,1,-0.4118054879844123,-0.48606442844527137,0,1,0,0,1,0,1
91,0,3,"Christmann, Mr. Emil",29.0,0,0,343276,8.05,1,-0.027771959981314702,-0.48606442844527137,0,1,0,0,1,0,1
92,0,3,"Andreasson, Mr. Paul Edvin",20.0,0,0,347466,7.8542,1,-0.7190323103868904,-0.4900045872454856,0,1,0,0,1,0,1
93,0,1,"Chaffee, Mr. Herbert Fuller",46.0,1,0,W.E.P. 5734,61.175,2,1.2779420352292172,0.5829904043503424,0,1,0,0,1,1,0
94,0,3,"Dean, Mr. Bertram Frank",26.0,1,2,C.A. 2315,20.575,4,-0.25819207678317324,-0.23401903021910547,0,1,0,0,1,1,0
95,0,3,"Coxon, Mr. Daniel",59.0,0,0,364500,7.25,1,2.276429208037271,-0.5021631365156053,0,1,0,0,1,0,1
96,0,3,"Shorney, Mr. Charles Joseph",28.0,0,0,374910,8.05,1,-0.10457866558193422,-0.48606442844527137,0,1,0,0,1,0,1
97,0,1,"Goldschmidt, Mr. George B",71.0,0,0,PC 17754,34.6542,1,3.198109675244705,0.04930213311070178,0,1,1,0,0,0,1
98,1,1,"Greenfield, Mr. William Bertram",23.0,0,1,PC 17759,63.3583,2,-0.48861219358503183,0.6269257910127927,0,1,1,0,0,1,0
99,1,2,"Doling, Mrs. John T (Ada Julia Bone)",34.0,0,1,231919,23.0,2,0.3562615680217829,-0.18521982138090567,1,0,0,0,1,1,0
100,0,2,"Kantor, Mr. Sinai",34.0,1,0,244367,26.0,2,0.3562615680217829,-0.12484966611715337,0,1,0,0,1,1,0
101,0,3,"Petranec, Miss. Matilda",28.0,0,0,349245,7.8958,1,-0.10457866558193422,-0.4891674544258282,1,0,0,0,1,0,1
102,0,3,"Petroff, Mr. Pastcho (""Pentcho"")",28.0,0,0,349215,7.8958,1,-0.10457866558193422,-0.4891674544258282,0,1,0,0,1,0,1
103,0,1,"White, Mr. Richard Frasar",21.0,0,1,35281,77.2875,2,-0.6422256047862709,0.907228446579412,0,1,0,0,1,1,0
104,0,3,"Johansson, Mr. Gustaf Joel",33.0,0,0,7540,8.6542,1,0.27945486242116335,-0.47390587917515165,0,1,0,0,1,0,1
105,0,3,"Gustafsson, Mr. Anders Vilhelm",37.0,2,0,3101276,7.925,3,0.5866816848236415,-0.48857985158126105,0,1,0,0,1,1,0
106,0,3,"Mionoff, Mr. Stoytcho",28.0,0,0,349207,7.8958,1,-0.10457866558193422,-0.4891674544258282,0,1,0,0,1,0,1
107,1,3,"Salkjelsvik, Miss. Anna Kristine",21.0,0,0,343120,7.65,1,-0.6422256047862709,-0.49411378248043836,1,0,0,0,1,0,1
108,1,3,"Moss, Mr. Albert Johan",28.0,0,0,312991,7.775,1,-0.10457866558193422,-0.4915983593444487,0,1,0,0,1,0,1
109,0,3,"Rekic, Mr. Tido",38.0,0,0,349249,7.8958,1,0.663488390424261,-0.4891674544258282,0,1,0,0,1,0,1
110,1,3,"Moran, Miss. Bertha",28.0,1,0,371110,24.15,2,-0.10457866558193422,-0.16207792852980066,1,0,0,1,0,1,0
111,0,1,"Porter, Mr. Walter Chamberlain",47.0,0,0,110465,52.0,1,1.3547487408298367,0.39835834616870003,0,1,0,0,1,0,1
112,0,3,"Zabour, Miss. Hileni",14.5,1,0,2665,14.4542,2,-1.1414691911902977,-0.3571902456652305,1,0,1,0,0,1,0
113,0,3,"Barton, Mr. David John",22.0,0,0,324669,8.05,1,-0.5654188991856514,-0.48606442844527137,0,1,0,0,1,0,1
114,0,3,"Jussila, Miss. Katriina",20.0,1,0,4136,9.825,2,-0.7190323103868904,-0.45034541991421795,1,0,0,0,1,1,0
115,0,3,"Attalah, Miss. Malake",17.0,0,0,2627,14.4583,1,-0.9494524271887489,-0.35710773978637,1,0,1,0,0,0,1
116,0,3,"Pekoniemi, Mr. Edvard",21.0,0,0,STON/O 2. 3101294,7.925,1,-0.6422256047862709,-0.48857985158126105,0,1,0,0,1,0,1
117,0,3,"Connors, Mr. Patrick",70.5,0,0,370369,7.75,1,3.1597063224443955,-0.49210144397164657,0,1,0,1,0,0,1
118,0,2,"Turpin, Mr. William John Robert",29.0,1,0,11668,21.0,2,-0.027771959981314702,-0.22546659155674054,0,1,0,0,1,1,0
119,0,1,"Baxter, Mr. Quigg Edmond",24.0,0,1,PC 17558,247.5208,2,-0.4118054879844123,4.332898697266388,0,1,1,0,0,1,0
120,0,3,"Andersson, Miss. Ellis Anna Maria",2.0,4,2,347082,31.275,7,-2.1015530111980416,-0.01869880977838891,1,0,0,0,1,1,0
121,0,2,"Hickman, Mr. Stanley George",21.0,2,0,S.O.C. 14879,73.5,3,-0.6422256047862709,0.8310111255589249,0,1,0,0,1,1,0
122,0,3,"Moore, Mr. Leonard Charles",28.0,0,0,A4. 54510,8.05,1,-0.10457866558193422,-0.48606442844527137,0,1,0,0,1,0,1
123,0,2,"Nasser, Mr. Nicholas",32.5,1,0,237736,30.0708,2,0.24105150962085362,-0.04293139010125909,0,1,1,0,0,1,0
124,1,2,"Webber, Miss. Susan",32.5,0,0,27267,13.0,1,0.24105150962085362,-0.38645367226008004,1,0,0,0,1,0,1
125,0,1,"White, Mr. Percival Wayland",54.0,0,1,35281,77.2875,2,1.8923956800341732,0.907228446579412,0,1,0,0,1,1,0
126,1,3,"Nicola-Yarred, Master. Elias",12.0,1,0,2651,11.2417,2,-1.3334859551918465,-0.4218366202601652,0,1,1,0,0,1,0
127,0,3,"McMahon, Mr. Martin",28.0,0,0,370372,7.75,1,-0.10457866558193422,-0.49210144397164657,0,1,0,1,0,0,1
128,1,3,"Madsen, Mr. Fridtjof Arne",24.0,0,0,C 17369,7.1417,1,-0.4118054879844123,-0.5043424991206268,0,1,0,0,1,0,1
129,1,3,"Peter, Miss. Anna",28.0,1,1,2668,22.3583,3,-0.10457866558193422,-0.1981329975918223,1,0,1,0,0,1,0
130,0,3,"Ekstrom, Mr. Johan",45.0,0,0,347061,6.975,1,1.2011353296285976,-0.5076970674147826,0,1,0,0,1,0,1
131,0,3,"Drazenoic, Mr. Jozef",33.0,0,0,349241,7.8958,1,0.27945486242116335,-0.4891674544258282,0,1,1,0,0,0,1
132,0,3,"Coelho, Mr. Domingos Fernandeo",20.0,0,0,SOTON/O.Q. 3101307,7.05,1,-0.7190323103868904,-0.5061878135331888,0,1,0,0,1,0,1
133,0,3,"Robins, Mrs. Alexander A (Grace Charity Laury)",47.0,1,0,A/5. 3337,14.5,2,1.3547487408298367,-0.35626859462820387,1,0,0,0,1,1,0
134,1,2,"Weisz, Mrs. Leopold (Mathilde Francoise Pede)",29.0,1,0,228414,26.0,2,-0.027771959981314702,-0.12484966611715337,1,0,0,0,1,1,0
135,0,2,"Sobey, Mr. Samuel James Hayden",25.0,0,0,C.A. 29178,13.0,1,-0.33499878238379277,-0.38645367226008004,0,1,0,0,1,0,1
136,0,2,"Richard, Mr. Emile",23.0,0,0,SC/PARIS 2133,15.0458,1,-0.48861219358503183,-0.3452852510472186,0,1,1,0,0,0,1
137,1,1,"Newsom, Miss. Helen Monypeny",19.0,0,2,11752,26.2833,3,-0.79583901598751,-0.11914871112174634,1,0,0,0,1,1,0
138,0,1,"Futrelle, Mr. Jacques Heath",37.0,1,0,113803,53.1,2,0.5866816848236415,0.4204940697654092,0,1,0,0,1,1,0
139,0,3,"Osen, Mr. Olaf Elon",16.0,0,0,7534,9.2167,1,-1.0262591327893684,-0.4625864750631981,0,1,0,0,1,0,1
140,0,1,"Giglio, Mr. Victor",24.0,0,0,PC 17593,79.2,1,-0.4118054879844123,0.9457144205600544,0,1,1,0,0,0,1
141,0,3,"Boulos, Mrs. Joseph (Sultana)",28.0,0,2,2678,15.2458,3,-0.10457866558193422,-0.34126057402963506,1,0,1,0,0,1,0
142,1,3,"Nysten, Miss. Anna Sofia",22.0,0,0,347081,7.75,1,-0.5654188991856514,-0.49210144397164657,1,0,0,0,1,0,1
143,1,3,"Hakkarainen, Mrs. Pekka Pietari (Elin Matilda Dolck)",24.0,1,0,STON/O2. 3101279,15.85,2,-0.4118054879844123,-0.32910202475951533,1,0,0,0,1,1,0
144,0,3,"Burke, Mr. Jeremiah",19.0,0,0,365222,6.75,1,-0.79583901598751,-0.512224829059564,0,1,0,1,0,0,1
145,0,2,"Andrew, Mr. Edgardo Samuel",18.0,0,0,231945,11.5,1,-0.8726457215881294,-0.4166387498919562,0,1,0,0,1,0,1
146,0,2,"Nicholls, Mr. Joseph Charles",19.0,1,1,C.A. 33112,36.75,3,-0.79583901598751,0.0914767235779591,0,1,0,0,1,1,0
147,1,3,"Andersson, Mr. August Edvard (""Wennerstrom"")",27.0,0,0,350043,7.7958,1,-0.18138537118255374,-0.49117979293462,0,1,0,0,1,0,1
148,0,3,"Ford, Miss. Robina Maggie ""Ruby""",9.0,2,2,W./C. 6608,34.375,5,-1.563906071993705,0.043683683994155176,1,0,0,0,1,1,0
149,0,2,"Navratil, Mr. Michel (""Louis M Hoffman"")",36.5,0,2,230080,26.0,3,0.5482783320233316,-0.12484966611715337,0,1,0,0,1,1,0
150,0,2,"Byles, Rev. Thomas Roussel Davids",42.0,0,0,244310,13.0,1,0.970715212826739,-0.38645367226008004,0,1,0,0,1,0,1
151,0,2,"Bateman, Rev. Robert James",51.0,0,0,S.O.P. 1166,12.525,1,1.6619755632323148,-0.39601228017684087,0,1,0,0,1,0,1
152,1,1,"Pears, Mrs. Thomas (Edith Wearne)",22.0,1,0,113776,66.6,2,-0.5654188991856514,0.6921597684522944,1,0,0,0,1,1,0
153,0,3,"Meo, Mr. Alfonzo",55.5,0,0,A.5. 11206,8.05,1,2.0076057384351027,-0.48606442844527137,0,1,0,0,1,0,1
154,0,3,"van Billiard, Mr. Austin Blyler",40.5,0,2,A/5. 851,14.5,3,0.8555051544258098,-0.35626859462820387,0,1,0,0,1,1,0
155,0,3,"Olsen, Mr. Ole Martin",28.0,0,0,Fa 265302,7.3125,1,-0.10457866558193422,-0.5009054249476105,0,1,0,0,1,0,1
156,0,1,"Williams, Mr. Charles Duane",51.0,0,1,PC 17597,61.3792,2,1.6619755632323148,0.5870995995852952,0,1,1,0,0,1,0
157,1,3,"Gilnagh, Miss. Katherine ""Katie""",16.0,0,0,35851,7.7333,1,-1.0262591327893684,-0.4924375045026148,1,0,0,1,0,0,1
158,0,3,"Corn, Mr. Harry",30.0,0,0,SOTON/OQ 392090,8.05,1,0.04903474561930482,-0.48606442844527137,0,1,0,0,1,0,1
159,0,3,"Smiljanic, Mr. Mile",28.0,0,0,315037,8.6625,1,-0.10457866558193422,-0.4737388550789219,0,1,0,0,1,0,1
160,0,3,"Sage, Master. Thomas Henry",28.0,8,2,CA. 2343,69.55,11,-0.10457866558193422,0.751523754461651,0,1,0,0,1,1,0
161,0,3,"Cribb, Mr. John Hatfield",44.0,0,1,371362,16.1,2,1.1243286240279782,-0.32407117848753597,0,1,0,0,1,1,0
162,1,2,"Watt, Mrs. James (Elizabeth ""Bessie"" Inglis Milne)",40.0,0,0,C.A. 33595,15.75,1,0.8171018016255001,-0.33111436326830707,1,0,0,0,1,0,1
163,0,3,"Bengtsson, Mr. John Viktor",26.0,0,0,347068,7.775,1,-0.25819207678317324,-0.4915983593444487,0,1,0,0,1,0,1
164,0,3,"Calic, Mr. Jovo",17.0,0,0,315093,8.6625,1,-0.9494524271887489,-0.4737388550789219,0,1,0,0,1,0,1
165,0,3,"Panula, Master. Eino Viljami",1.0,4,1,3101295,39.6875,6,-2.1783597167986612,0.15058916727371655,0,1,0,0,1,1,0
166,1,3,"Goldsmith, Master. Frank John William ""Frankie""",9.0,0,2,363291,20.525,3,-1.563906071993705,-0.23502519947350137,0,1,0,0,1,1,0
167,1,1,"Chibnall, Mrs. (Edith Martha Bowerman)",28.0,0,1,113505,55.0,2,-0.10457866558193422,0.4587285014324523,1,0,0,0,1,1,0
168,0,3,"Skoog, Mrs. William (Anna Bernhardina Karlsson)",45.0,1,4,347088,27.9,6,1.2011353296285976,-0.08661523445011025,1,0,0,0,1,1,0
169,0,1,"Baumann, Mr. John D",28.0,0,0,PC 17318,25.925,1,-0.10457866558193422,-0.12635891999874715,0,1,0,0,1,0,1
170,0,3,"Ling, Mr. Lee",28.0,0,0,1601,56.4958,1,-0.10457866558193422,0.48882906084695926,0,1,0,0,1,0,1
171,0,1,"Van der hoef, Mr. Wyckoff",61.0,0,0,111240,33.5,1,2.43004261923851,0.026075722042227415,0,1,0,0,1,0,1
172,0,3,"Rice, Master. Arthur",4.0,4,1,382652,29.125,6,-1.9479395999968028,-0.061964087717411374,0,1,0,1,0,1,0
173,1,3,"Johnson, Miss. Eleanor Ileen",1.0,1,1,347742,11.1333,3,-2.1783597167986612,-0.42401799520369554,1,0,0,0,1,1,0
174,0,3,"Sivola, Mr. Antti Wilhelm",21.0,0,0,STON/O 2. 3101280,7.925,1,-0.6422256047862709,-0.48857985158126105,0,1,0,0,1,0,1
175,0,1,"Smith, Mr. James Clinch",56.0,0,0,17764,30.6958,1,2.0460090912354123,-0.03035427442131069,0,1,1,0,0,0,1
176,0,3,"Klasen, Mr. Klas Albin",18.0,1,1,350404,7.8542,3,-0.8726457215881294,-0.4900045872454856,0,1,0,0,1,1,0
177,0,3,"Lefebre, Master. Henry Forbes",28.0,3,1,4133,25.4667,5,-0.10457866558193422,-0.13558146738453974,0,1,0,0,1,1,0
178,0,1,"Isham, Miss. Ann Elizabeth",50.0,0,0,PC 17595,28.7125,1,1.5851688576316951,-0.07026498406617734,1,0,1,0,0,0,1
179,0,2,"Hale, Mr. Reginald",30.0,0,0,250653,13.0,1,0.04903474561930482,-0.38645367226008004,0,1,0,0,1,0,1
180,0,3,"Leonard, Mr. Lionel",36.0,0,0,LINE,0.0,1,0.5098749792230219,-0.6480576784030068,0,1,0,0,1,0,1
181,0,3,"Sage, Miss. Constance Gladys",28.0,8,2,CA. 2343,69.55,11,-0.10457866558193422,0.751523754461651,1,0,0,0,1,1,0
182,0,2,"Pernot, Mr. Rene",28.0,0,0,SC/PARIS 2131,15.05,1,-0.10457866558193422,-0.3452007328298493,0,1,1,0,0,0,1
183,0,3,"Asplund, Master. Clarence Gustaf Hugo",9.0,4,2,347077,31.3875,7,-1.563906071993705,-0.016434928955998185,0,1,0,0,1,1,0
184,1,2,"Becker, Master. Richard F",1.0,2,1,230136,39.0,4,-2.1783597167986612,0.13675434002577333,0,1,0,0,1,1,0
185,1,3,"Kink-Heilmann, Miss. Luise Gretchen",4.0,0,2,315153,22.025,3,-1.9479395999968028,-0.2048401218416252,1,0,0,0,1,1,0
186,0,1,"Rood, Mr. Hugh Roscoe",28.0,0,0,113767,50.0,1,-0.10457866558193422,0.35811157599286514,0,1,0,0,1,0,1
187,1,3,"O'Brien, Mrs. Thomas (Johanna ""Hannah"" Godfrey)",28.0,1,0,370365,15.5,2,-0.10457866558193422,-0.3361452095402864,1,0,0,1,0,1,0
188,1,1,"Romaine, Mr. Charles Hallace (""Mr C Rolmane"")",45.0,0,0,111428,26.55,1,1.2011353296285976,-0.11378180431879875,0,1,0,0,1,0,1
189,0,3,"Bourke, Mr. John",40.0,1,1,364849,15.5,3,0.8171018016255001,-0.3361452095402864,0,1,0,1,0,1,0
190,0,3,"Turcin, Mr. Stjepan",36.0,0,0,349247,7.8958,1,0.5098749792230219,-0.4891674544258282,0,1,0,0,1,0,1
191,1,2,"Pinsky, Mrs. (Rosa)",32.0,0,0,234604,13.0,1,0.20264815682054385,-0.38645367226008004,1,0,0,0,1,0,1
192,0,2,"Carbines, Mr. William",19.0,0,0,28424,13.0,1,-0.79583901598751,-0.38645367226008004,0,1,0,0,1,0,1
193,1,3,"Andersen-Jensen, Miss. Carla Christine Nielsine",19.0,1,0,350046,7.8542,2,-0.79583901598751,-0.4900045872454856,1,0,0,0,1,1,0
194,1,2,"Navratil, Master. Michel M",3.0,1,1,230080,26.0,3,-2.0247463055974224,-0.12484966611715337,0,1,0,0,1,1,0
195,1,1,"Brown, Mrs. James Joseph (Margaret Tobin)",44.0,0,0,PC 17610,27.7208,1,1.1243286240279782,-0.09022134505786503,1,0,1,0,0,0,1
196,1,1,"Lurette, Miss. Elise",58.0,0,0,PC 17569,146.5208,1,2.1996225024366516,2.300436803386727,1,0,1,0,0,0,1
197,0,3,"Mernagh, Mr. Robert",28.0,0,0,368703,7.75,1,-0.10457866558193422,-0.49210144397164657,0,1,0,1,0,0,1
198,0,3,"Olsen, Mr. Karl Siegwart Andreas",42.0,0,1,4579,8.4042,2,0.970715212826739,-0.478936725447131,0,1,0,0,1,1,0
199,1,3,"Madigan, Miss. Margaret ""Maggie""",28.0,0,0,370370,7.75,1,-0.10457866558193422,-0.49210144397164657,1,0,0,1,0,0,1
200,0,2,"Yrois, Miss. Henriette (""Mrs Harbeck"")",24.0,0,0,248747,13.0,1,-0.4118054879844123,-0.38645367226008004,1,0,0,0,1,0,1
201,0,3,"Vande Walle, Mr. Nestor Cyriel",28.0,0,0,345770,9.5,1,-0.10457866558193422,-0.4568855200677911,0,1,0,0,1,0,1
202,0,3,"Sage, Mr. Frederick",28.0,8,2,CA. 2343,69.55,11,-0.10457866558193422,0.751523754461651,0,1,0,0,1,1,0
203,0,3,"Johanson, Mr. Jakob Alfred",34.0,0,0,3101264,6.4958,1,0.3562615680217829,-0.5173401935489127,0,1,0,0,1,0,1
204,0,3,"Youseff, Mr. Gerious",45.5,0,0,2628,7.225,1,1.2395386824289074,-0.5026662211428032,0,1,1,0,0,0,1
205,1,3,"Cohen, Mr. Gurshon ""Gus""",18.0,0,0,A/5 3540,8.05,1,-0.8726457215881294,-0.48606442844527137,0,1,0,0,1,0,1
206,0,3,"Strom, Miss. Telma Matilda",2.0,0,1,347054,10.4625,2,-2.1015530111980416,-0.43751676192067057,1,0,0,0,1,1,0
207,0,3,"Backstrom, Mr. Karl Alfred",32.0,1,0,3101278,15.85,2,0.20264815682054385,-0.32910202475951533,0,1,0,0,1,1,0
208,1,3,"Albimona, Mr. Nassef Cassem",26.0,0,0,2699,18.7875,1,-0.25819207678317324,-0.26998958106375787,0,1,1,0,0,0,1
209,1,3,"Carr, Miss. Helen ""Ellen""",16.0,0,0,367231,7.75,1,-1.0262591327893684,-0.49210144397164657,1,0,0,1,0,0,1
210,1,1,"Blank, Mr. Henry",40.0,0,0,112277,31.0,1,0.8171018016255001,-0.024232740677566176,0,1,1,0,0,0,1
211,0,3,"Ali, Mr. Ahmed",24.0,0,0,SOTON/O.Q. 3101311,7.05,1,-0.4118054879844123,-0.5061878135331888,0,1,0,0,1,0,1
212,1,2,"Cameron, Miss. Clear Annie",35.0,0,0,F.C.C. 13528,21.0,1,0.4330682736224024,-0.22546659155674054,1,0,0,0,1,0,1
213,0,3,"Perkin, Mr. John Henry",22.0,0,0,A/5 21174,7.25,1,-0.5654188991856514,-0.5021631365156053,0,1,0,0,1,0,1
214,0,2,"Givard, Mr. Hans Kristensen",30.0,0,0,250646,13.0,1,0.04903474561930482,-0.38645367226008004,0,1,0,0,1,0,1
215,0,3,"Kiernan, Mr. Philip",28.0,1,0,367229,7.75,2,-0.10457866558193422,-0.49210144397164657,0,1,0,1,0,1,0
216,1,1,"Newell, Miss. Madeleine",31.0,1,0,35273,113.275,2,0.12584145121992435,1.6314187674308411,1,0,1,0,0,1,0
217,1,3,"Honkanen, Miss. Eliina",27.0,0,0,STON/O2. 3101283,7.925,1,-0.18138537118255374,-0.48857985158126105,1,0,0,0,1,0,1
218,0,2,"Jacobsohn, Mr. Sidney Samuel",42.0,1,0,243847,27.0,2,0.970715212826739,-0.10472628102923592,0,1,0,0,1,1,0
219,1,1,"Bazzani, Miss. Albina",32.0,0,0,11813,76.2917,1,0.20264815682054385,0.8871895797088641,1,0,1,0,0,0,1
220,0,2,"Harris, Mr. Walter",30.0,0,0,W/C 14208,10.5,1,0.04903474561930482,-0.43676213497987365,0,1,0,0,1,0,1
221,1,3,"Sunderland, Mr. Victor Francis",16.0,0,0,SOTON/OQ 392089,8.05,1,-1.0262591327893684,-0.48606442844527137,0,1,0,0,1,0,1
222,0,2,"Bracken, Mr. James H",27.0,0,0,220367,13.0,1,-0.18138537118255374,-0.38645367226008004,0,1,0,0,1,0,1
223,0,3,"Green, Mr. George Henry",51.0,0,0,21440,8.05,1,1.6619755632323148,-0.48606442844527137,0,1,0,0,1,0,1
224,0,3,"Nenkoff, Mr. Christo",28.0,0,0,349234,7.8958,1,-0.10457866558193422,-0.4891674544258282,0,1,0,0,1,0,1
225,1,1,"Hoyt, Mr. Frederick Maxfield",38.0,1,0,19943,90.0,2,0.663488390424261,1.1630469795095626,0,1,0,0,1,1,0
226,0,3,"Berglund, Mr. Karl Ivar Sven",22.0,0,0,PP 4348,9.35,1,-0.5654188991856514,-0.45990402783097867,0,1,0,0,1,0,1
227,1,2,"Mellors, Mr. William John",19.0,0,0,SW/PP 751,10.5,1,-0.79583901598751,-0.43676213497987365,0,1,0,0,1,0,1
228,0,3,"Lovell, Mr. John Hall (""Henry"")",20.5,0,0,A/5 21173,7.25,1,-0.6806289575865806,-0.5021631365156053,0,1,0,0,1,0,1
229,0,2,"Fahlstrom, Mr. Arne Jonas",18.0,0,0,236171,13.0,1,-0.8726457215881294,-0.38645367226008004,0,1,0,0,1,0,1
230,0,3,"Lefebre, Miss. Mathilde",28.0,3,1,4133,25.4667,5,-0.10457866558193422,-0.13558146738453974,1,0,0,0,1,1,0
231,1,1,"Harris, Mrs. Henry Birkhardt (Irene Wallach)",35.0,1,0,36973,83.475,2,0.4330682736224024,1.0317418918109011,1,0,0,0,1,1,0
232,0,3,"Larsson, Mr. Bengt Edvin",29.0,0,0,347067,7.775,1,-0.027771959981314702,-0.4915983593444487,0,1,0,0,1,0,1
233,0,2,"Sjostedt, Mr. Ernst Adolf",59.0,0,0,237442,13.5,1,2.276429208037271,-0.3763919797161213,0,1,0,0,1,0,1
234,1,3,"Asplund, Miss. Lillian Gertrud",5.0,4,2,347077,31.3875,7,-1.8711328943961831,-0.016434928955998185,1,0,0,0,1,1,0
235,0,2,"Leyson, Mr. Robert William Norman",24.0,0,0,C.A. 29566,10.5,1,-0.4118054879844123,-0.43676213497987365,0,1,0,0,1,0,1
236,0,3,"Harknett, Miss. Alice Phoebe",28.0,0,0,W./C. 6609,7.55,1,-0.10457866558193422,-0.4961261209892301,1,0,0,0,1,0,1
237,0,2,"Hold, Mr. Stephen",44.0,1,0,26707,26.0,2,1.1243286240279782,-0.12484966611715337,0,1,0,0,1,1,0
238,1,2,"Collyer, Miss. Marjorie ""Lottie""",8.0,0,2,C.A. 31921,26.25,3,-1.6407127775943247,-0.11981881984517401,1,0,0,0,1,1,0
239,0,2,"Pengelly, Mr. Frederick William",19.0,0,0,28665,10.5,1,-0.79583901598751,-0.43676213497987365,0,1,0,0,1,0,1
240,0,2,"Hunt, Mr. George Henry",33.0,0,0,SCO/W 1585,12.275,1,0.27945486242116335,-0.40104312644882023,0,1,0,0,1,0,1
241,0,3,"Zabour, Miss. Thamine",28.0,1,0,2665,14.4542,2,-0.10457866558193422,-0.3571902456652305,1,0,1,0,0,1,0
242,1,3,"Murphy, Miss. Katherine ""Kate""",28.0,1,0,367230,15.5,2,-0.10457866558193422,-0.3361452095402864,1,0,0,1,0,1,0
243,0,2,"Coleridge, Mr. Reginald Charles",29.0,0,0,W./C. 14263,10.5,1,-0.027771959981314702,-0.43676213497987365,0,1,0,0,1,0,1
244,0,3,"Maenpaa, Mr. Matti Alexanteri",22.0,0,0,STON/O 2. 3101275,7.125,1,-0.5654188991856514,-0.504678559651595,0,1,0,0,1,0,1
245,0,3,"Attalah, Mr. Sleiman",30.0,0,0,2694,7.225,1,0.04903474561930482,-0.5026662211428032,0,1,1,0,0,0,1
246,0,1,"Minahan, Dr. William Edward",44.0,2,0,19928,90.0,3,1.1243286240279782,1.1630469795095626,0,1,0,1,0,1,0
247,0,3,"Lindahl, Miss. Agda Thorilda Viktoria",25.0,0,0,347071,7.775,1,-0.33499878238379277,-0.4915983593444487,1,0,0,0,1,0,1
248,1,2,"Hamalainen, Mrs. William (Anna)",24.0,0,2,250649,14.5,3,-0.4118054879844123,-0.35626859462820387,1,0,0,0,1,1,0
249,1,1,"Beckwith, Mr. Richard Leonard",37.0,1,1,11751,52.5542,3,0.5866816848236415,0.40951072618442386,0,1,0,0,1,1,0
250,0,2,"Carter, Rev. Ernest Courtenay",54.0,1,0,244252,26.0,2,1.8923956800341732,-0.12484966611715337,0,1,0,0,1,1,0
251,0,3,"Reed, Mr. James George",28.0,0,0,362316,7.25,1,-0.10457866558193422,-0.5021631365156053,0,1,0,0,1,0,1
252,0,3,"Strom, Mrs. Wilhelm (Elna Matilda Persson)",29.0,1,1,347054,10.4625,3,-0.027771959981314702,-0.43751676192067057,1,0,0,0,1,1,0
253,0,1,"Stead, Mr. William Thomas",62.0,0,0,113514,26.55,1,2.5068493248391293,-0.11378180431879875,0,1,0,0,1,0,1
254,0,3,"Lobb, Mr. William Arthur",30.0,1,0,A/5. 3336,16.1,2,0.04903474561930482,-0.32407117848753597,0,1,0,0,1,1,0
255,0,3,"Rosblom, Mrs. Viktor (Helena Wilhelmina)",41.0,0,2,370129,20.2125,3,0.8939085072261196,-0.24131375731347557,1,0,0,0,1,1,0
256,1,3,"Touma, Mrs. Darwis (Hanne Youssef Razi)",29.0,0,2,2650,15.2458,3,-0.027771959981314702,-0.34126057402963506,1,0,1,0,0,1,0
257,1,1,"Thorne, Mrs. Gertrude Maybelle",28.0,0,0,PC 17585,79.2,1,-0.10457866558193422,0.9457144205600544,1,0,1,0,0,0,1
258,1,1,"Cherry, Miss. Gladys",30.0,0,0,110152,86.5,1,0.04903474561930482,1.0926151317018515,1,0,0,0,1,0,1
259,1,1,"Ward, Miss. Anna",35.0,0,0,PC 17755,512.3292,1,0.4330682736224024,9.661740104981664,1,0,1,0,0,0,1
260,1,2,"Parrish, Mrs. (Lutie Davis)",50.0,0,1,230433,26.0,2,1.5851688576316951,-0.12484966611715337,1,0,0,0,1,1,0
261,0,3,"Smith, Mr. Thomas",28.0,0,0,384461,7.75,1,-0.10457866558193422,-0.49210144397164657,0,1,0,1,0,0,1
262,1,3,"Asplund, Master. Edvin Rojj Felix",3.0,4,2,347077,31.3875,7,-2.0247463055974224,-0.016434928955998185,0,1,0,0,1,1,0
263,0,1,"Taussig, Mr. Emil",52.0,1,1,110413,79.65,3,1.7387822688329342,0.9547699438496172,0,1,0,0,1,1,0
264,0,1,"Harrison, Mr. William",40.0,0,0,112059,0.0,1,0.8171018016255001,-0.6480576784030068,0,1,0,0,1,0,1
265,0,3,"Henry, Miss. Delia",28.0,0,0,382649,7.75,1,-0.10457866558193422,-0.49210144397164657,1,0,0,1,0,0,1
266,0,2,"Reeves, Mr. David",36.0,0,0,C.A. 17248,10.5,1,0.5098749792230219,-0.43676213497987365,0,1,0,0,1,0,1
267,0,3,"Panula, Mr. Ernesti Arvid",16.0,4,1,3101295,39.6875,6,-1.0262591327893684,0.15058916727371655,0,1,0,0,1,1,0
268,1,3,"Persson, Mr. Ernst Ulrik",25.0,1,0,347083,7.775,2,-0.33499878238379277,-0.4915983593444487,0,1,0,0,1,1,0
269,1,1,"Graham, Mrs. William Thompson (Edith Junkins)",58.0,0,1,PC 17582,153.4625,2,2.1996225024366516,2.440127305651523,1,0,0,0,1,1,0
270,1,1,"Bissette, Miss. Amelia",35.0,0,0,PC 17760,135.6333,1,0.4330682736224024,2.081343448242025,1,0,0,0,1,0,1
271,0,1,"Cairns, Mr. Alexander",28.0,0,0,113798,31.0,1,-0.10457866558193422,-0.024232740677566176,0,1,0,0,1,0,1
272,1,3,"Tornquist, Mr. William Henry",25.0,0,0,LINE,0.0,1,-0.33499878238379277,-0.6480576784030068,0,1,0,0,1,0,1
273,1,2,"Mellinger, Mrs. (Elizabeth Anne Maidment)",41.0,0,1,250644,19.5,2,0.8939085072261196,-0.2556516691886167,1,0,0,0,1,1,0
274,0,1,"Natsch, Mr. Charles H",37.0,0,1,PC 17596,29.7,2,0.5866816848236415,-0.05039314129185886,0,1,1,0,0,1,0
275,1,3,"Healy, Miss. Hanora ""Nora""",28.0,0,0,370375,7.75,1,-0.10457866558193422,-0.49210144397164657,1,0,0,1,0,0,1
276,1,1,"Andrews, Miss. Kornelia Theodosia",63.0,1,0,13502,77.9583,2,2.583656030439749,0.9207272132963871,1,0,0,0,1,1,0
277,0,3,"Lindblom, Miss. Augusta Charlotta",45.0,0,0,347073,7.75,1,1.2011353296285976,-0.49210144397164657,1,0,0,0,1,0,1
278,0,2,"Parkes, Mr. Francis ""Frank""",28.0,0,0,239853,0.0,1,-0.10457866558193422,-0.6480576784030068,0,1,0,0,1,0,1
279,0,3,"Rice, Master. Eric",7.0,4,1,382652,29.125,6,-1.717519483194944,-0.061964087717411374,0,1,0,1,0,1,0
280,1,3,"Abbott, Mrs. Stanton (Rosa Hunt)",35.0,1,1,C.A. 2673,20.25,3,0.4330682736224024,-0.24055913037267862,1,0,0,0,1,1,0
281,0,3,"Duane, Mr. Frank",65.0,0,0,336439,7.75,1,2.737269441640988,-0.49210144397164657,0,1,0,1,0,0,1
282,0,3,"Olsson, Mr. Nils Johan Goransson",28.0,0,0,347464,7.8542,1,-0.10457866558193422,-0.4900045872454856,0,1,0,0,1,0,1
283,0,3,"de Pelsmaeker, Mr. Alfons",16.0,0,0,345778,9.5,1,-1.0262591327893684,-0.4568855200677911,0,1,0,0,1,0,1
284,1,3,"Dorking, Mr. Edward Arthur",19.0,0,0,A/5. 10482,8.05,1,-0.79583901598751,-0.48606442844527137,0,1,0,0,1,0,1
285,0,1,"Smith, Mr. Richard William",28.0,0,0,113056,26.0,1,-0.10457866558193422,-0.12484966611715337,0,1,0,0,1,0,1
286,0,3,"Stankovic, Mr. Ivan",33.0,0,0,349239,8.6625,1,0.27945486242116335,-0.4737388550789219,0,1,1,0,0,0,1
287,1,3,"de Mulder, Mr. Theodore",30.0,0,0,345774,9.5,1,0.04903474561930482,-0.4568855200677911,0,1,0,0,1,0,1
288,0,3,"Naidenoff, Mr. Penko",22.0,0,0,349206,7.8958,1,-0.5654188991856514,-0.4891674544258282,0,1,0,0,1,0,1
289,1,2,"Hosono, Mr. Masabumi",42.0,0,0,237798,13.0,1,0.970715212826739,-0.38645367226008004,0,1,0,0,1,0,1
290,1,3,"Connolly, Miss. Kate",22.0,0,0,370373,7.75,1,-0.5654188991856514,-0.49210144397164657,1,0,0,1,0,0,1
291,1,1,"Barber, Miss. Ellen ""Nellie""",26.0,0,0,19877,78.85,1,-0.25819207678317324,0.938671235779283,1,0,0,0,1,0,1
292,1,1,"Bishop, Mrs. Dickinson H (Helen Walton)",19.0,1,0,11967,91.0792,2,-0.79583901598751,1.1847641366964432,1,0,1,0,0,1,0
293,0,2,"Levy, Mr. Rene Jacques",36.0,0,0,SC/Paris 2163,12.875,1,0.5098749792230219,-0.3889690953960697,0,1,1,0,0,0,1
294,0,3,"Haas, Miss. Aloisia",24.0,0,0,349236,8.85,1,-0.4118054879844123,-0.4699657203749374,1,0,0,0,1,0,1
295,0,3,"Mineff, Mr. Ivan",24.0,0,0,349233,7.8958,1,-0.4118054879844123,-0.4891674544258282,0,1,0,0,1,0,1
296,0,1,"Lewy, Mr. Ervin G",28.0,0,0,PC 17612,27.7208,1,-0.10457866558193422,-0.09022134505786503,0,1,1,0,0,0,1
297,0,3,"Hanna, Mr. Mansour",23.5,0,0,2693,7.2292,1,-0.45020884078472206,-0.502581702925434,0,1,1,0,0,0,1
298,0,1,"Allison, Miss. Helen Loraine",2.0,1,2,113781,151.55,4,-2.1015530111980416,2.401641331670881,1,0,0,0,1,1,0
299,1,1,"Saalfeld, Mr. Adolphe",28.0,0,0,19988,30.5,1,-0.10457866558193422,-0.034294433221524895,0,1,0,0,1,0,1
300,1,1,"Baxter, Mrs. James (Helene DeLaudeniere Chaput)",50.0,0,1,PC 17558,247.5208,2,1.5851688576316951,4.332898697266388,1,0,1,0,0,1,0
301,1,3,"Kelly, Miss. Anna Katherine ""Annie Kate""",28.0,0,0,9234,7.75,1,-0.10457866558193422,-0.49210144397164657,1,0,0,1,0,0,1
302,1,3,"McCoy, Mr. Bernard",28.0,2,0,367226,23.25,3,-0.10457866558193422,-0.1801889751089263,0,1,0,1,0,1,0
303,0,3,"Johnson, Mr. William Cahoone Jr",19.0,0,0,LINE,0.0,1,-0.79583901598751,-0.6480576784030068,0,1,0,0,1,0,1
304,1,2,"Keane, Miss. Nora A",28.0,0,0,226593,12.35,1,-0.10457866558193422,-0.39953387256722633,1,0,0,1,0,0,1
305,0,3,"Williams, Mr. Howard Hugh ""Harry""",28.0,0,0,A/5 2466,8.05,1,-0.10457866558193422,-0.48606442844527137,0,1,0,0,1,0,1
306,1,1,"Allison, Master. Hudson Trevor",0.92,1,2,113781,151.55,4,-2.1845042532467107,2.401641331670881,0,1,0,0,1,1,0
307,1,1,"Fleming, Miss. Margaret",28.0,0,0,17421,110.8833,1,-0.10457866558193422,1.583289667316069,1,0,1,0,0,0,1
308,1,1,"Penasco y Castellana, Mrs. Victor de Satode (Maria Josefa Perez de Soto y Vallejo)",17.0,1,0,PC 17758,108.9,2,-0.9494524271887489,1.5433789576712023,1,0,1,0,0,1,0
309,0,2,"Abelson, Mr. Samuel",30.0,1,0,P/PP 3381,24.0,2,0.04903474561930482,-0.16509643629298823,0,1,1,0,0,1,0
310,1,1,"Francatelli, Miss. Laura Mabel",30.0,0,0,PC 17485,56.9292,1,0.04903474561930482,0.4975505359440627,1,0,1,0,0,0,1
311,1,1,"Hays, Miss. Margaret Bechstein",24.0,0,0,11767,83.1583,1,-0.4118054879844123,1.0253688157535579,1,0,1,0,0,0,1
312,1,1,"Ryerson, Miss. Emily Borie",18.0,2,2,PC 17608,262.375,5,-0.8726457215881294,4.631815484039331,1,0,1,0,0,1,0
313,0,2,"Lahtinen, Mrs. William (Anna Sylfven)",26.0,1,1,250651,26.0,3,-0.25819207678317324,-0.12484966611715337,1,0,0,0,1,1,0
314,0,3,"Hendekovic, Mr. Ignjac",28.0,0,0,349243,7.8958,1,-0.10457866558193422,-0.4891674544258282,0,1,0,0,1,0,1
315,0,2,"Hart, Mr. Benjamin",43.0,1,1,F.C.C. 13529,26.25,3,1.0475219184273585,-0.11981881984517401,0,1,0,0,1,1,0
316,1,3,"Nilsson, Miss. Helmina Josefina",26.0,0,0,347470,7.8542,1,-0.25819207678317324,-0.4900045872454856,1,0,0,0,1,0,1
317,1,2,"Kantor, Mrs. Sinai (Miriam Sternin)",24.0,1,0,244367,26.0,2,-0.4118054879844123,-0.12484966611715337,1,0,0,0,1,1,0
318,0,2,"Moraweck, Dr. Ernest",54.0,0,0,29011,14.0,1,1.8923956800341732,-0.3663302871721626,0,1,0,0,1,0,1
319,1,1,"Wick, Miss. Mary Natalie",31.0,0,2,36928,164.8667,3,0.12584145121992435,2.669618413871151,1,0,0,0,1,1,0
320,1,1,"Spedden, Mrs. Frederic Oakley (Margaretta Corning Stone)",40.0,1,1,16966,134.5,3,0.8171018016255001,2.0585376159218884,1,0,1,0,0,1,0
321,0,3,"Dennis, Mr. Samuel",22.0,0,0,A/5 21172,7.25,1,-0.5654188991856514,-0.5021631365156053,0,1,0,0,1,0,1
322,0,3,"Danoff, Mr. Yoto",27.0,0,0,349219,7.8958,1,-0.18138537118255374,-0.4891674544258282,0,1,0,0,1,0,1
323,1,2,"Slayter, Miss. Hilda Mary",30.0,0,0,234818,12.35,1,0.04903474561930482,-0.39953387256722633,1,0,0,1,0,0,1
324,1,2,"Caldwell, Mrs. Albert Francis (Sylvia Mae Harbaugh)",22.0,1,1,248738,29.0,3,-0.5654188991856514,-0.06447951085340105,1,0,0,0,1,1,0
325,0,3,"Sage, Mr. George John Jr",28.0,8,2,CA. 2343,69.55,11,-0.10457866558193422,0.751523754461651,0,1,0,0,1,1,0
326,1,1,"Young, Miss. Marie Grice",36.0,0,0,PC 17760,135.6333,1,0.5098749792230219,2.081343448242025,1,0,1,0,0,0,1
327,0,3,"Nysveen, Mr. Johan Hansen",61.0,0,0,345364,6.2375,1,2.43004261923851,-0.5225380639171217,0,1,0,0,1,0,1
328,1,2,"Ball, Mrs. (Ada E Hall)",36.0,0,0,28551,13.0,1,0.5098749792230219,-0.38645367226008004,1,0,0,0,1,0,1
329,1,3,"Goldsmith, Mrs. Frank John (Emily Alice Brown)",31.0,1,1,363291,20.525,3,0.12584145121992435,-0.23502519947350137,1,0,0,0,1,1,0
330,1,1,"Hippach, Miss. Jean Gertrude",16.0,0,1,111361,57.9792,2,-1.0262591327893684,0.518680090286376,1,0,1,0,0,1,0
331,1,3,"McCoy, Miss. Agnes",28.0,2,0,367226,23.25,3,-0.10457866558193422,-0.1801889751089263,1,0,0,1,0,1,0
332,0,1,"Partner, Mr. Austen",45.5,0,0,113043,28.5,1,1.2395386824289074,-0.07454120339735977,0,1,0,0,1,0,1
333,0,1,"Graham, Mr. George Edward",38.0,0,1,PC 17582,153.4625,2,0.663488390424261,2.440127305651523,0,1,0,0,1,1,0
334,0,3,"Vander Planke, Mr. Leo Edmondus",16.0,2,0,345764,18.0,3,-1.0262591327893684,-0.28583674682049287,0,1,0,0,1,1,0
335,1,1,"Frauenthal, Mrs. Henry William (Clara Heinsheimer)",28.0,1,0,PC 17611,133.65,2,-0.10457866558193422,2.041432738597159,1,0,0,0,1,1,0
336,0,3,"Denkoff, Mr. Mitto",28.0,0,0,349225,7.8958,1,-0.10457866558193422,-0.4891674544258282,0,1,0,0,1,0,1
337,0,1,"Pears, Mr. Thomas Clinton",29.0,1,0,113776,66.6,2,-0.027771959981314702,0.6921597684522944,0,1,0,0,1,1,0
338,1,1,"Burns, Miss. Elizabeth Margaret",41.0,0,0,16966,134.5,1,0.8939085072261196,2.0585376159218884,1,0,1,0,0,0,1
339,1,3,"Dahl, Mr. Karl Edwart",45.0,0,0,7598,8.05,1,1.2011353296285976,-0.48606442844527137,0,1,0,0,1,0,1
340,0,1,"Blackwell, Mr. Stephen Weart",45.0,0,0,113784,35.5,1,1.2011353296285976,0.06632249221806229,0,1,0,0,1,0,1
341,1,2,"Navratil, Master. Edmond Roger",2.0,1,1,230080,26.0,3,-2.1015530111980416,-0.12484966611715337,0,1,0,0,1,1,0
342,1,1,"Fortune, Miss. Alice Elizabeth",24.0,3,2,19950,263.0,6,-0.4118054879844123,4.644392599719279,1,0,0,0,1,1,0
343,0,2,"Collander, Mr. Erik Gustaf",28.0,0,0,248740,13.0,1,-0.10457866558193422,-0.38645367226008004,0,1,0,0,1,0,1
344,0,2,"Sedgwick, Mr. Charles Frederick Waddington",25.0,0,0,244361,13.0,1,-0.33499878238379277,-0.38645367226008004,0,1,0,0,1,0,1
345,0,2,"Fox, Mr. Stanley Hubert",36.0,0,0,229236,13.0,1,0.5098749792230219,-0.38645367226008004,0,1,0,0,1,0,1
346,1,2,"Brown, Miss. Amelia ""Mildred""",24.0,0,0,248733,13.0,1,-0.4118054879844123,-0.38645367226008004,1,0,0,0,1,0,1
347,1,2,"Smith, Miss. Marion Elsie",40.0,0,0,31418,13.0,1,0.8171018016255001,-0.38645367226008004,1,0,0,0,1,0,1
348,1,3,"Davison, Mrs. Thomas Henry (Mary E Finck)",28.0,1,0,386525,16.1,2,-0.10457866558193422,-0.32407117848753597,1,0,0,0,1,1,0
349,1,3,"Coutts, Master. William Loch ""William""",3.0,1,1,C.A. 37671,15.9,3,-2.0247463055974224,-0.3280958555051195,0,1,0,0,1,1,0
350,0,3,"Dimic, Mr. Jovan",42.0,0,0,315088,8.6625,1,0.970715212826739,-0.4737388550789219,0,1,0,0,1,0,1
351,0,3,"Odahl, Mr. Nils Martin",23.0,0,0,7267,9.225,1,-0.48861219358503183,-0.46241945096696835,0,1,0,0,1,0,1
352,0,1,"Williams-Lambert, Mr. Fletcher Fellows",28.0,0,0,113510,35.0,1,-0.10457866558193422,0.05626079967410357,0,1,0,0,1,0,1
353,0,3,"Elias, Mr. Tannous",15.0,1,1,2695,7.2292,3,-1.103065838389988,-0.502581702925434,0,1,1,0,0,1,0
354,0,3,"Arnold-Franchi, Mr. Josef",25.0,1,0,349237,17.8,2,-0.33499878238379277,-0.28986142383807634,0,1,0,0,1,1,0
355,0,3,"Yousif, Mr. Wazli",28.0,0,0,2647,7.225,1,-0.10457866558193422,-0.5026662211428032,0,1,1,0,0,0,1
356,0,3,"Vanden Steen, Mr. Leo Peter",28.0,0,0,345783,9.5,1,-0.10457866558193422,-0.4568855200677911,0,1,0,0,1,0,1
357,1,1,"Bowerman, Miss. Elsie Edith",22.0,0,1,113505,55.0,2,-0.5654188991856514,0.4587285014324523,1,0,0,0,1,1,0
358,0,2,"Funk, Miss. Annie Clemmer",38.0,0,0,237671,13.0,1,0.663488390424261,-0.38645367226008004,1,0,0,0,1,0,1
359,1,3,"McGovern, Miss. Mary",28.0,0,0,330931,7.8792,1,-0.10457866558193422,-0.4895015026182876,1,0,0,1,0,0,1
360,1,3,"Mockler, Miss. Helen Mary ""Ellie""",28.0,0,0,330980,7.8792,1,-0.10457866558193422,-0.4895015026182876,1,0,0,1,0,0,1
361,0,3,"Skoog, Mr. Wilhelm",40.0,1,4,347088,27.9,6,0.8171018016255001,-0.08661523445011025,0,1,0,0,1,1,0
362,0,2,"del Carlo, Mr. Sebastiano",29.0,1,0,SC/PARIS 2167,27.7208,2,-0.027771959981314702,-0.09022134505786503,0,1,1,0,0,1,0
363,0,3,"Barbara, Mrs. (Catherine David)",45.0,0,1,2691,14.4542,2,1.2011353296285976,-0.3571902456652305,1,0,1,0,0,1,0
364,0,3,"Asim, Mr. Adola",35.0,0,0,SOTON/O.Q. 3101310,7.05,1,0.4330682736224024,-0.5061878135331888,0,1,0,0,1,0,1
365,0,3,"O'Brien, Mr. Thomas",28.0,1,0,370365,15.5,2,-0.10457866558193422,-0.3361452095402864,0,1,0,1,0,1,0
366,0,3,"Adahl, Mr. Mauritz Nils Martin",30.0,0,0,C 7076,7.25,1,0.04903474561930482,-0.5021631365156053,0,1,0,0,1,0,1
367,1,1,"Warren, Mrs. Frank Manley (Anna Sophia Atkinson)",60.0,1,0,110813,75.25,2,2.3532359136378904,0.8662270494627804,1,0,1,0,0,1,0
368,1,3,"Moussa, Mrs. (Mantoura Boulos)",28.0,0,0,2626,7.2292,1,-0.10457866558193422,-0.502581702925434,1,0,1,0,0,0,1
369,1,3,"Jermyn, Miss. Annie",28.0,0,0,14313,7.75,1,-0.10457866558193422,-0.49210144397164657,1,0,0,1,0,0,1
370,1,1,"Aubart, Mme. Leontine Pauline",24.0,0,0,PC 17477,69.3,1,-0.4118054879844123,0.7464929081896716,1,0,1,0,0,0,1
371,1,1,"Harder, Mr. George Achilles",25.0,1,0,11765,55.4417,2,-0.33499878238379277,0.4676170006257854,0,1,1,0,0,1,0
372,0,3,"Wiklund, Mr. Jakob Alfred",18.0,1,0,3101267,6.4958,2,-0.8726457215881294,-0.5173401935489127,0,1,0,0,1,1,0
373,0,3,"Beavan, Mr. William Thomas",19.0,0,0,323951,8.05,1,-0.79583901598751,-0.48606442844527137,0,1,0,0,1,0,1
374,0,1,"Ringhini, Mr. Sante",22.0,0,0,PC 17760,135.6333,1,-0.5654188991856514,2.081343448242025,0,1,1,0,0,0,1
375,0,3,"Palsson, Miss. Stina Viola",3.0,3,1,349909,21.075,5,-2.0247463055974224,-0.22395733767514675,1,0,0,0,1,1,0
376,1,1,"Meyer, Mrs. Edgar Joseph (Leila Saks)",28.0,1,0,PC 17604,82.1708,2,-0.10457866558193422,1.0054969729792393,1,0,1,0,0,1,0
377,1,3,"Landergren, Miss. Aurora Adelia",22.0,0,0,C 7077,7.25,1,-0.5654188991856514,-0.5021631365156053,1,0,0,0,1,0,1
378,0,1,"Widener, Mr. Harry Elkins",27.0,0,2,113503,211.5,3,-0.18138537118255374,3.6080382676915317,0,1,1,0,0,1,0
379,0,3,"Betros, Mr. Tannous",20.0,0,0,2648,4.0125,1,-0.7190323103868904,-0.5673125957377381,0,1,1,0,0,0,1
380,0,3,"Gustafsson, Mr. Karl Gideon",19.0,0,0,347069,7.775,1,-0.79583901598751,-0.4915983593444487,0,1,0,0,1,0,1
381,1,1,"Bidois, Miss. Rosalie",42.0,0,0,PC 17757,227.525,1,0.970715212826739,3.930515513725408,1,0,1,0,0,0,1
382,1,3,"Nakid, Miss. Maria (""Mary"")",1.0,0,2,2653,15.7417,3,-2.1783597167986612,-0.3312813873645368,1,0,1,0,0,1,0
383,0,3,"Tikkanen, Mr. Juho",32.0,0,0,STON/O 2. 3101293,7.925,1,0.20264815682054385,-0.48857985158126105,0,1,0,0,1,0,1
384,1,1,"Holverson, Mrs. Alexander Oskar (Mary Aline Towner)",35.0,1,0,113789,52.0,2,0.4330682736224024,0.39835834616870003,1,0,0,0,1,1,0
385,0,3,"Plotcharsky, Mr. Vasil",28.0,0,0,349227,7.8958,1,-0.10457866558193422,-0.4891674544258282,0,1,0,0,1,0,1
386,0,2,"Davies, Mr. Charles Henry",18.0,0,0,S.O.C. 14879,73.5,1,-0.8726457215881294,0.8310111255589249,0,1,0,0,1,0,1
387,0,3,"Goodwin, Master. Sidney Leonard",1.0,5,2,CA 2144,46.9,8,-2.1783597167986612,0.29572908222032107,0,1,0,0,1,1,0
388,1,2,"Buss, Miss. Kate",36.0,0,0,27849,13.0,1,0.5098749792230219,-0.38645367226008004,1,0,0,0,1,0,1
389,0,3,"Sadlier, Mr. Matthew",28.0,0,0,367655,7.7292,1,-0.10457866558193422,-0.4925200103814753,0,1,0,1,0,0,1
390,1,2,"Lehmann, Miss. Bertha",17.0,0,0,SC 1748,12.0,1,-0.9494524271887489,-0.4065770573479975,1,0,1,0,0,0,1
391,1,1,"Carter, Mr. William Ernest",36.0,1,2,113760,120.0,4,0.5098749792230219,1.7667485321470857,0,1,0,0,1,1,0
392,1,3,"Jansson, Mr. Carl Olof",21.0,0,0,350034,7.7958,1,-0.6422256047862709,-0.49117979293462,0,1,0,0,1,0,1
393,0,3,"Gustafsson, Mr. Johan Birger",28.0,2,0,3101277,7.925,3,-0.10457866558193422,-0.48857985158126105,0,1,0,0,1,1,0
394,1,1,"Newell, Miss. Marjorie",23.0,1,0,35273,113.275,2,-0.48861219358503183,1.6314187674308411,1,0,1,0,0,1,0
395,1,3,"Sandstrom, Mrs. Hjalmar (Agnes Charlotta Bengtsson)",24.0,0,2,PP 9549,16.7,3,-0.4118054879844123,-0.3119971474347855,1,0,0,0,1,1,0
396,0,3,"Johansson, Mr. Erik",22.0,0,0,350052,7.7958,1,-0.5654188991856514,-0.49117979293462,0,1,0,0,1,0,1
397,0,3,"Olsson, Miss. Elina",31.0,0,0,350407,7.8542,1,0.12584145121992435,-0.4900045872454856,1,0,0,0,1,0,1
398,0,2,"McKane, Mr. Peter David",46.0,0,0,28403,26.0,1,1.2779420352292172,-0.12484966611715337,0,1,0,0,1,0,1
399,0,2,"Pain, Dr. Alfred",23.0,0,0,244278,10.5,1,-0.48861219358503183,-0.43676213497987365,0,1,0,0,1,0,1
400,1,2,"Trout, Mrs. William H (Jessie L)",28.0,0,0,240929,12.65,1,-0.10457866558193422,-0.3934968570408512,1,0,0,0,1,0,1
401,1,3,"Niskanen, Mr. Juha",39.0,0,0,STON/O 2. 3101289,7.925,1,0.7402950960248805,-0.48857985158126105,0,1,0,0,1,0,1
402,0,3,"Adams, Mr. John",26.0,0,0,341826,8.05,1,-0.25819207678317324,-0.48606442844527137,0,1,0,0,1,0,1
403,0,3,"Jussila, Miss. Mari Aina",21.0,1,0,4137,9.825,2,-0.6422256047862709,-0.45034541991421795,1,0,0,0,1,1,0
404,0,3,"Hakkarainen, Mr. Pekka Pietari",28.0,1,0,STON/O2. 3101279,15.85,2,-0.10457866558193422,-0.32910202475951533,0,1,0,0,1,1,0
405,0,3,"Oreskovic, Miss. Marija",20.0,0,0,315096,8.6625,1,-0.7190323103868904,-0.4737388550789219,1,0,0,0,1,0,1
406,0,2,"Gale, Mr. Shadrach",34.0,1,0,28664,21.0,2,0.3562615680217829,-0.22546659155674054,0,1,0,0,1,1,0
407,0,3,"Widegren, Mr. Carl/Charles Peter",51.0,0,0,347064,7.75,1,1.6619755632323148,-0.49210144397164657,0,1,0,0,1,0,1
408,1,2,"Richards, Master. William Rowe",3.0,1,1,29106,18.75,3,-2.0247463055974224,-0.2707442080045548,0,1,0,0,1,1,0
409,0,3,"Birkeland, Mr. Hans Martin Monsen",21.0,0,0,312992,7.775,1,-0.6422256047862709,-0.4915983593444487,0,1,0,0,1,0,1
410,0,3,"Lefebre, Miss. Ida",28.0,3,1,4133,25.4667,5,-0.10457866558193422,-0.13558146738453974,1,0,0,0,1,1,0
411,0,3,"Sdycoff, Mr. Todor",28.0,0,0,349222,7.8958,1,-0.10457866558193422,-0.4891674544258282,0,1,0,0,1,0,1
412,0,3,"Hart, Mr. Henry",28.0,0,0,394140,6.8583,1,-0.10457866558193422,-0.5100454664545425,0,1,0,1,0,0,1
413,1,1,"Minahan, Miss. Daisy E",33.0,1,0,19928,90.0,2,0.27945486242116335,1.1630469795095626,1,0,0,1,0,1,0
414,0,2,"Cunningham, Mr. Alfred Fleming",28.0,0,0,239853,0.0,1,-0.10457866558193422,-0.6480576784030068,0,1,0,0,1,0,1
415,1,3,"Sundman, Mr. Johan Julian",44.0,0,0,STON/O 2. 3101269,7.925,1,1.1243286240279782,-0.48857985158126105,0,1,0,0,1,0,1
416,0,3,"Meek, Mrs. Thomas (Annie Louise Rowley)",28.0,0,0,343095,8.05,1,-0.10457866558193422,-0.48606442844527137,1,0,0,0,1,0,1
417,1,2,"Drew, Mrs. James Vivian (Lulu Thorne Christian)",34.0,1,1,28220,32.5,3,0.3562615680217829,0.005952336954309979,1,0,0,0,1,1,0
418,1,2,"Silven, Miss. Lyyli Karoliina",18.0,0,2,250652,13.0,3,-0.8726457215881294,-0.38645367226008004,1,0,0,0,1,1,0
419,0,2,"Matthews, Mr. William John",30.0,0,0,28228,13.0,1,0.04903474561930482,-0.38645367226008004,0,1,0,0,1,0,1
420,0,3,"Van Impe, Miss. Catharina",10.0,0,2,345773,24.15,3,-1.4870993663930856,-0.16207792852980066,1,0,0,0,1,1,0
421,0,3,"Gheorgheff, Mr. Stanio",28.0,0,0,349254,7.8958,1,-0.10457866558193422,-0.4891674544258282,0,1,1,0,0,0,1
422,0,3,"Charters, Mr. David",21.0,0,0,A/5. 13032,7.7333,1,-0.6422256047862709,-0.4924375045026148,0,1,0,1,0,0,1
423,0,3,"Zimmerman, Mr. Leo",29.0,0,0,315082,7.875,1,-0.027771959981314702,-0.4895860208356569,0,1,0,0,1,0,1
424,0,3,"Danbom, Mrs. Ernst Gilbert (Anna Sigrid Maria Brogren)",28.0,1,1,347080,14.4,3,-0.10457866558193422,-0.35828093313699566,1,0,0,0,1,1,0
425,0,3,"Rosblom, Mr. Viktor Richard",18.0,1,1,370129,20.2125,3,-0.8726457215881294,-0.24131375731347557,0,1,0,0,1,1,0
426,0,3,"Wiseman, Mr. Phillippe",28.0,0,0,A/4. 34244,7.25,1,-0.10457866558193422,-0.5021631365156053,0,1,0,0,1,0,1
427,1,2,"Clarke, Mrs. Charles V (Ada Maria Winfield)",28.0,1,0,2003,26.0,2,-0.10457866558193422,-0.12484966611715337,1,0,0,0,1,1,0
428,1,2,"Phillips, Miss. Kate Florence (""Mrs Kate Louise Phillips Marshall"")",19.0,0,0,250655,26.0,1,-0.79583901598751,-0.12484966611715337,1,0,0,0,1,0,1
429,0,3,"Flynn, Mr. James",28.0,0,0,364851,7.75,1,-0.10457866558193422,-0.49210144397164657,0,1,0,1,0,0,1
430,1,3,"Pickard, Mr. Berk (Berk Trembisky)",32.0,0,0,SOTON/O.Q. 392078,8.05,1,0.20264815682054385,-0.48606442844527137,0,1,0,0,1,0,1
431,1,1,"Bjornstrom-Steffansson, Mr. Mauritz Hakan",28.0,0,0,110564,26.55,1,-0.10457866558193422,-0.11378180431879875,0,1,0,0,1,0,1
432,1,3,"Thorneycroft, Mrs. Percival (Florence Kate White)",28.0,1,0,376564,16.1,2,-0.10457866558193422,-0.32407117848753597,1,0,0,0,1,1,0
433,1,2,"Louch, Mrs. Charles Alexander (Alice Adelaide Slow)",42.0,1,0,SC/AH 3085,26.0,2,0.970715212826739,-0.12484966611715337,1,0,0,0,1,1,0
434,0,3,"Kallio, Mr. Nikolai Erland",17.0,0,0,STON/O 2. 3101274,7.125,1,-0.9494524271887489,-0.504678559651595,0,1,0,0,1,0,1
435,0,1,"Silvey, Mr. William Baird",50.0,1,0,13507,55.9,2,1.5851688576316951,0.47683954801157796,0,1,0,0,1,1,0
436,1,1,"Carter, Miss. Lucile Polk",14.0,1,2,113760,120.0,4,-1.1798725439906075,1.7667485321470857,1,0,0,0,1,1,0
437,0,3,"Ford, Miss. Doolina Margaret ""Daisy""",21.0,2,2,W./C. 6608,34.375,5,-0.6422256047862709,0.043683683994155176,1,0,0,0,1,1,0
438,1,2,"Richards, Mrs. Sidney (Emily Hocking)",24.0,2,3,29106,18.75,6,-0.4118054879844123,-0.2707442080045548,1,0,0,0,1,1,0
439,0,1,"Fortune, Mr. Mark",64.0,1,4,19950,263.0,6,2.6604627360403685,4.644392599719279,0,1,0,0,1,1,0
440,0,2,"Kvillner, Mr. Johan Henrik Johannesson",31.0,0,0,C.A. 18723,10.5,1,0.12584145121992435,-0.43676213497987365,0,1,0,0,1,0,1
441,1,2,"Hart, Mrs. Benjamin (Esther Ada Bloomfield)",45.0,1,1,F.C.C. 13529,26.25,3,1.2011353296285976,-0.11981881984517401,1,0,0,0,1,1,0
442,0,3,"Hampe, Mr. Leon",20.0,0,0,345769,9.5,1,-0.7190323103868904,-0.4568855200677911,0,1,0,0,1,0,1
443,0,3,"Petterson, Mr. Johan Emil",25.0,1,0,347076,7.775,2,-0.33499878238379277,-0.4915983593444487,0,1,0,0,1,1,0
444,1,2,"Reynaldo, Ms. Encarnacion",28.0,0,0,230434,13.0,1,-0.10457866558193422,-0.38645367226008004,1,0,0,0,1,0,1
445,1,3,"Johannesen-Bratthammer, Mr. Bernt",28.0,0,0,65306,8.1125,1,-0.10457866558193422,-0.4848067168772765,0,1,0,0,1,0,1
446,1,1,"Dodge, Master. Washington",4.0,0,2,33638,81.8583,3,-1.9479395999968028,0.9992084151392652,0,1,0,0,1,1,0
447,1,2,"Mellinger, Miss. Madeleine Violet",13.0,0,1,250644,19.5,2,-1.2566792495912271,-0.2556516691886167,1,0,0,0,1,1,0
448,1,1,"Seward, Mr. Frederic Kimber",34.0,0,0,113794,26.55,1,0.3562615680217829,-0.11378180431879875,0,1,0,0,1,0,1
449,1,3,"Baclini, Miss. Marie Catherine",5.0,2,1,2666,19.2583,4,-1.8711328943961831,-0.26051549136436636,1,0,1,0,0,1,0
450,1,1,"Peuchen, Major. Arthur Godfrey",52.0,0,0,113786,30.5,1,1.7387822688329342,-0.034294433221524895,0,1,0,0,1,0,1
451,0,2,"West, Mr. Edwy Arthur",36.0,1,2,C.A. 34651,27.75,4,0.5098749792230219,-0.08963374221329785,0,1,0,0,1,1,0
452,0,3,"Hagland, Mr. Ingvald Olai Olsen",28.0,1,0,65303,19.9667,2,-0.10457866558193422,-0.24626008536808563,0,1,0,0,1,1,0
453,0,1,"Foreman, Mr. Benjamin Laventall",30.0,0,0,113051,27.75,1,0.04903474561930482,-0.08963374221329785,0,1,1,0,0,0,1
454,1,1,"Goldenberg, Mr. Samuel L",49.0,1,0,17453,89.1042,2,1.5083621520310757,1.1450204511478064,0,1,1,0,0,1,0
455,0,3,"Peduzzi, Mr. Joseph",28.0,0,0,A/5 2817,8.05,1,-0.10457866558193422,-0.48606442844527137,0,1,0,0,1,0,1
456,1,3,"Jalsevac, Mr. Ivan",29.0,0,0,349240,7.8958,1,-0.027771959981314702,-0.4891674544258282,0,1,1,0,0,0,1
457,0,1,"Millet, Mr. Francis Davis",65.0,0,0,13509,26.55,1,2.737269441640988,-0.11378180431879875,0,1,0,0,1,0,1
458,1,1,"Kenyon, Mrs. Frederick R (Marion)",28.0,1,0,17464,51.8625,2,-0.10457866558193422,0.3955913807191113,1,0,0,0,1,1,0
459,1,2,"Toomey, Miss. Ellen",50.0,0,0,F.C.C. 13531,10.5,1,1.5851688576316951,-0.43676213497987365,1,0,0,0,1,0,1
460,0,3,"O'Connor, Mr. Maurice",28.0,0,0,371060,7.75,1,-0.10457866558193422,-0.49210144397164657,0,1,0,1,0,0,1
461,1,1,"Anderson, Mr. Harry",48.0,0,0,19952,26.55,1,1.431555446430456,-0.11378180431879875,0,1,0,0,1,0,1
462,0,3,"Morley, Mr. William",34.0,0,0,364506,8.05,1,0.3562615680217829,-0.48606442844527137,0,1,0,0,1,0,1
463,0,1,"Gee, Mr. Arthur H",47.0,0,0,111320,38.5,1,1.3547487408298367,0.1266926474818146,0,1,0,0,1,0,1
464,0,2,"Milling, Mr. Jacob Christian",48.0,0,0,234360,13.0,1,1.431555446430456,-0.38645367226008004,0,1,0,0,1,0,1
465,0,3,"Maisner, Mr. Simon",28.0,0,0,A/S 2816,8.05,1,-0.10457866558193422,-0.48606442844527137,0,1,0,0,1,0,1
466,0,3,"Goncalves, Mr. Manuel Estanslas",38.0,0,0,SOTON/O.Q. 3101306,7.05,1,0.663488390424261,-0.5061878135331888,0,1,0,0,1,0,1
467,0,2,"Campbell, Mr. William",28.0,0,0,239853,0.0,1,-0.10457866558193422,-0.6480576784030068,0,1,0,0,1,0,1
468,0,1,"Smart, Mr. John Montgomery",56.0,0,0,113792,26.55,1,2.0460090912354123,-0.11378180431879875,0,1,0,0,1,0,1
469,0,3,"Scanlan, Mr. James",28.0,0,0,36209,7.725,1,-0.10457866558193422,-0.4926045285988445,0,1,0,1,0,0,1
470,1,3,"Baclini, Miss. Helene Barbara",0.75,2,1,2666,19.2583,4,-2.197561393198816,-0.26051549136436636,1,0,1,0,0,1,0
471,0,3,"Keefe, Mr. Arthur",28.0,0,0,323592,7.25,1,-0.10457866558193422,-0.5021631365156053,0,1,0,0,1,0,1
472,0,3,"Cacic, Mr. Luka",38.0,0,0,315089,8.6625,1,0.663488390424261,-0.4737388550789219,0,1,0,0,1,0,1
473,1,2,"West, Mrs. Edwy Arthur (Ada Mary Worth)",33.0,1,2,C.A. 34651,27.75,4,0.27945486242116335,-0.08963374221329785,1,0,0,0,1,1,0
474,1,2,"Jerwan, Mrs. Amin S (Marie Marthe Thuillard)",23.0,0,0,SC/AH Basle 541,13.7917,1,-0.48861219358503183,-0.3705219882859758,1,0,1,0,0,0,1
475,0,3,"Strandberg, Miss. Ida Sofia",22.0,0,0,7553,9.8375,1,-0.5654188991856514,-0.450093877600619,1,0,0,0,1,0,1
476,0,1,"Clifford, Mr. George Quincy",28.0,0,0,110465,52.0,1,-0.10457866558193422,0.39835834616870003,0,1,0,0,1,0,1
477,0,2,"Renouf, Mr. Peter Henry",34.0,1,0,31027,21.0,2,0.3562615680217829,-0.22546659155674054,0,1,0,0,1,1,0
478,0,3,"Braund, Mr. Lewis Richard",29.0,1,0,3460,7.0458,2,-0.027771959981314702,-0.5062723317505581,0,1,0,0,1,1,0
479,0,3,"Karlsson, Mr. Nils August",22.0,0,0,350060,7.5208,1,-0.5654188991856514,-0.49671372383379725,0,1,0,0,1,0,1
480,1,3,"Hirvonen, Miss. Hildur E",2.0,0,1,3101298,12.2875,2,-2.1015530111980416,-0.4007915841352212,1,0,0,0,1,1,0
481,0,3,"Goodwin, Master. Harold Victor",9.0,5,2,CA 2144,46.9,8,-1.563906071993705,0.29572908222032107,0,1,0,0,1,1,0
482,0,2,"Frost, Mr. Anthony Wood ""Archie""",28.0,0,0,239854,0.0,1,-0.10457866558193422,-0.6480576784030068,0,1,0,0,1,0,1
483,0,3,"Rouse, Mr. Richard Henry",50.0,0,0,A/5 3594,8.05,1,1.5851688576316951,-0.48606442844527137,0,1,0,0,1,0,1
484,1,3,"Turkula, Mrs. (Hedwig)",63.0,0,0,4134,9.5875,1,2.583656030439749,-0.45512472387259834,1,0,0,0,1,0,1
485,1,1,"Bishop, Mr. Dickinson H",25.0,1,0,11967,91.0792,2,-0.33499878238379277,1.1847641366964432,0,1,1,0,0,1,0
486,0,3,"Lefebre, Miss. Jeannie",28.0,3,1,4133,25.4667,5,-0.10457866558193422,-0.13558146738453974,1,0,0,0,1,1,0
487,1,1,"Hoyt, Mrs. Frederick Maxfield (Jane Anne Forby)",35.0,1,0,19943,90.0,2,0.4330682736224024,1.1630469795095626,1,0,0,0,1,1,0
488,0,1,"Kent, Mr. Edward Austin",58.0,0,0,11771,29.7,1,2.1996225024366516,-0.05039314129185886,0,1,1,0,0,0,1
489,0,3,"Somerton, Mr. Francis William",30.0,0,0,A.5. 18509,8.05,1,0.04903474561930482,-0.48606442844527137,0,1,0,0,1,0,1
490,1,3,"Coutts, Master. Eden Leslie ""Neville""",9.0,1,1,C.A. 37671,15.9,3,-1.563906071993705,-0.3280958555051195,0,1,0,0,1,1,0
491,0,3,"Hagland, Mr. Konrad Mathias Reiersen",28.0,1,0,65304,19.9667,2,-0.10457866558193422,-0.24626008536808563,0,1,0,0,1,1,0
492,0,3,"Windelov, Mr. Einar",21.0,0,0,SOTON/OQ 3101317,7.25,1,-0.6422256047862709,-0.5021631365156053,0,1,0,0,1,0,1
493,0,1,"Molson, Mr. Harry Markland",55.0,0,0,113787,30.5,1,1.9692023856347929,-0.034294433221524895,0,1,0,0,1,0,1
494,0,1,"Artagaveytia, Mr. Ramon",71.0,0,0,PC 17609,49.5042,1,3.198109675244705,0.34813440166627563,0,1,1,0,0,0,1
495,0,3,"Stanley, Mr. Edward Roland",21.0,0,0,A/4 45380,8.05,1,-0.6422256047862709,-0.48606442844527137,0,1,0,0,1,0,1
496,0,3,"Yousseff, Mr. Gerious",28.0,0,0,2627,14.4583,1,-0.10457866558193422,-0.35710773978637,0,1,1,0,0,0,1
497,1,1,"Eustis, Miss. Elizabeth Mussey",54.0,1,0,36947,78.2667,2,1.8923956800341732,0.926933265257501,1,0,1,0,0,1,0
498,0,3,"Shellard, Mr. Frederick William",28.0,0,0,C.A. 6212,15.1,1,-0.10457866558193422,-0.3441945635754534,0,1,0,0,1,0,1
499,0,1,"Allison, Mrs. Hudson J C (Bessie Waldo Daniels)",25.0,1,2,113781,151.55,4,-0.33499878238379277,2.401641331670881,1,0,0,0,1,1,0
500,0,3,"Svensson, Mr. Olof",24.0,0,0,350035,7.7958,1,-0.4118054879844123,-0.49117979293462,0,1,0,0,1,0,1
501,0,3,"Calic, Mr. Petar",17.0,0,0,315086,8.6625,1,-0.9494524271887489,-0.4737388550789219,0,1,0,0,1,0,1
502,0,3,"Canavan, Miss. Mary",21.0,0,0,364846,7.75,1,-0.6422256047862709,-0.49210144397164657,1,0,0,1,0,0,1
503,0,3,"O'Sullivan, Miss. Bridget Mary",28.0,0,0,330909,7.6292,1,-0.10457866558193422,-0.494532348890267,1,0,0,1,0,0,1
504,0,3,"Laitinen, Miss. Kristina Sofia",37.0,0,0,4135,9.5875,1,0.5866816848236415,-0.45512472387259834,1,0,0,0,1,0,1
505,1,1,"Maioni, Miss. Roberta",16.0,0,0,110152,86.5,1,-1.0262591327893684,1.0926151317018515,1,0,0,0,1,0,1
506,0,1,"Penasco y Castellana, Mr. Victor de Satode",18.0,1,0,PC 17758,108.9,2,-0.8726457215881294,1.5433789576712023,0,1,1,0,0,1,0
507,1,2,"Quick, Mrs. Frederick Charles (Jane Richards)",33.0,0,2,26360,26.0,3,0.27945486242116335,-0.12484966611715337,1,0,0,0,1,1,0
508,1,1,"Bradley, Mr. George (""George Arthur Brayton"")",28.0,0,0,111427,26.55,1,-0.10457866558193422,-0.11378180431879875,0,1,0,0,1,0,1
509,0,3,"Olsen, Mr. Henry Margido",28.0,0,0,C 4001,22.525,1,-0.10457866558193422,-0.19477842929766648,0,1,0,0,1,0,1
510,1,3,"Lang, Mr. Fang",26.0,0,0,1601,56.4958,1,-0.25819207678317324,0.48882906084695926,0,1,0,0,1,0,1
511,1,3,"Daly, Mr. Eugene Patrick",29.0,0,0,382651,7.75,1,-0.027771959981314702,-0.49210144397164657,0,1,0,1,0,0,1
512,0,3,"Webber, Mr. James",28.0,0,0,SOTON/OQ 3101316,8.05,1,-0.10457866558193422,-0.48606442844527137,0,1,0,0,1,0,1
513,1,1,"McGough, Mr. James Robert",36.0,0,0,PC 17473,26.2875,1,0.5098749792230219,-0.11906419290437707,0,1,0,0,1,0,1
514,1,1,"Rothschild, Mrs. Martin (Elizabeth L. Barrett)",54.0,1,0,PC 17603,59.4,2,1.8923956800341732,0.547271395819289,1,0,1,0,0,1,0
515,0,3,"Coleff, Mr. Satio",24.0,0,0,349209,7.4958,1,-0.4118054879844123,-0.4972168084609952,0,1,0,0,1,0,1
516,0,1,"Walker, Mr. William Anderson",47.0,0,0,36967,34.0208,1,1.3547487408298367,0.03655598099601484,0,1,0,0,1,0,1
517,1,2,"Lemore, Mrs. (Amelia Milley)",34.0,0,0,C.A. 34260,10.5,1,0.3562615680217829,-0.43676213497987365,1,0,0,0,1,0,1
518,0,3,"Ryan, Mr. Patrick",28.0,0,0,371110,24.15,1,-0.10457866558193422,-0.16207792852980066,0,1,0,1,0,0,1
519,1,2,"Angle, Mrs. William A (Florence ""Mary"" Agnes Hughes)",36.0,1,0,226875,26.0,2,0.5098749792230219,-0.12484966611715337,1,0,0,0,1,1,0
520,0,3,"Pavlovic, Mr. Stefo",32.0,0,0,349242,7.8958,1,0.20264815682054385,-0.4891674544258282,0,1,0,0,1,0,1
521,1,1,"Perreault, Miss. Anne",30.0,0,0,12749,93.5,1,0.04903474561930482,1.2334788273172737,1,0,0,0,1,0,1
522,0,3,"Vovk, Mr. Janko",22.0,0,0,349252,7.8958,1,-0.5654188991856514,-0.4891674544258282,0,1,0,0,1,0,1
523,0,3,"Lahoud, Mr. Sarkis",28.0,0,0,2624,7.225,1,-0.10457866558193422,-0.5026662211428032,0,1,1,0,0,0,1
524,1,1,"Hippach, Mrs. Louis Albert (Ida Sophia Fischer)",44.0,0,1,111361,57.9792,2,1.1243286240279782,0.518680090286376,1,0,1,0,0,1,0
525,0,3,"Kassem, Mr. Fared",28.0,0,0,2700,7.2292,1,-0.10457866558193422,-0.502581702925434,0,1,1,0,0,0,1
526,0,3,"Farrell, Mr. James",40.5,0,0,367232,7.75,1,0.8555051544258098,-0.49210144397164657,0,1,0,1,0,0,1
527,1,2,"Ridsdale, Miss. Lucy",50.0,0,0,W./C. 14258,10.5,1,1.5851688576316951,-0.43676213497987365,1,0,0,0,1,0,1
528,0,1,"Farthing, Mr. John",28.0,0,0,PC 17483,221.7792,1,-0.10457866558193422,3.8148905676872524,0,1,0,0,1,0,1
529,0,3,"Salonen, Mr. Johan Werner",39.0,0,0,3101296,7.925,1,0.7402950960248805,-0.48857985158126105,0,1,0,0,1,0,1
530,0,2,"Hocking, Mr. Richard George",23.0,2,1,29104,11.5,4,-0.48861219358503183,-0.4166387498919562,0,1,0,0,1,1,0
531,1,2,"Quick, Miss. Phyllis May",2.0,1,1,26360,26.0,3,-2.1015530111980416,-0.12484966611715337,1,0,0,0,1,1,0
532,0,3,"Toufik, Mr. Nakli",28.0,0,0,2641,7.2292,1,-0.10457866558193422,-0.502581702925434,0,1,1,0,0,0,1
533,0,3,"Elias, Mr. Joseph Jr",17.0,1,1,2690,7.2292,3,-0.9494524271887489,-0.502581702925434,0,1,1,0,0,1,0
534,1,3,"Peter, Mrs. Catherine (Catherine Rizk)",28.0,0,2,2668,22.3583,3,-0.10457866558193422,-0.1981329975918223,1,0,1,0,0,1,0
535,0,3,"Cacic, Miss. Marija",30.0,0,0,315084,8.6625,1,0.04903474561930482,-0.4737388550789219,1,0,0,0,1,0,1
536,1,2,"Hart, Miss. Eva Miriam",7.0,0,2,F.C.C. 13529,26.25,3,-1.717519483194944,-0.11981881984517401,1,0,0,0,1,1,0
537,0,1,"Butt, Major. Archibald Willingham",45.0,0,0,113050,26.55,1,1.2011353296285976,-0.11378180431879875,0,1,0,0,1,0,1
538,1,1,"LeRoy, Miss. Bertha",30.0,0,0,PC 17761,106.425,1,0.04903474561930482,1.4935735795786065,1,0,1,0,0,0,1
539,0,3,"Risien, Mr. Samuel Beard",28.0,0,0,364498,14.5,1,-0.10457866558193422,-0.35626859462820387,0,1,0,0,1,0,1
540,1,1,"Frolicher, Miss. Hedwig Margaritha",22.0,0,2,13568,49.5,3,-0.5654188991856514,0.3480498834489064,1,0,1,0,0,1,0
541,1,1,"Crosby, Miss. Harriet R",36.0,0,2,WE/P 5735,71.0,3,0.5098749792230219,0.7807026628391313,1,0,0,0,1,1,0
542,0,3,"Andersson, Miss. Ingeborg Constanzia",9.0,4,2,347082,31.275,7,-1.563906071993705,-0.01869880977838891,1,0,0,0,1,1,0
543,0,3,"Andersson, Miss. Sigrid Elisabeth",11.0,4,2,347082,31.275,7,-1.410292660792466,-0.01869880977838891,1,0,0,0,1,1,0
544,1,2,"Beane, Mr. Edward",32.0,1,0,2908,26.0,2,0.20264815682054385,-0.12484966611715337,0,1,0,0,1,1,0
545,0,1,"Douglas, Mr. Walter Donald",50.0,1,0,PC 17761,106.425,2,1.5851688576316951,1.4935735795786065,0,1,1,0,0,1,0
546,0,1,"Nicholson, Mr. Arthur Ernest",64.0,0,0,693,26.0,1,2.6604627360403685,-0.12484966611715337,0,1,0,0,1,0,1
547,1,2,"Beane, Mrs. Edward (Ethel Clarke)",19.0,1,0,2908,26.0,2,-0.79583901598751,-0.12484966611715337,1,0,0,0,1,1,0
548,1,2,"Padro y Manent, Mr. Julian",28.0,0,0,SC/PARIS 2146,13.8625,1,-0.10457866558193422,-0.36909725262175125,0,1,1,0,0,0,1
549,0,3,"Goldsmith, Mr. Frank John",33.0,1,1,363291,20.525,3,0.27945486242116335,-0.23502519947350137,0,1,0,0,1,1,0
550,1,2,"Davies, Master. John Morgan Jr",8.0,1,1,C.A. 33112,36.75,3,-1.6407127775943247,0.0914767235779591,0,1,0,0,1,1,0
551,1,1,"Thayer, Mr. John Borland Jr",17.0,0,2,17421,110.8833,3,-0.9494524271887489,1.583289667316069,0,1,1,0,0,1,0
552,0,2,"Sharp, Mr. Percival James R",27.0,0,0,244358,26.0,1,-0.18138537118255374,-0.12484966611715337,0,1,0,0,1,0,1
553,0,3,"O'Brien, Mr. Timothy",28.0,0,0,330979,7.8292,1,-0.10457866558193422,-0.4905076718726835,0,1,0,1,0,0,1
554,1,3,"Leeni, Mr. Fahim (""Philip Zenni"")",22.0,0,0,2620,7.225,1,-0.5654188991856514,-0.5026662211428032,0,1,1,0,0,0,1
555,1,3,"Ohman, Miss. Velin",22.0,0,0,347085,7.775,1,-0.5654188991856514,-0.4915983593444487,1,0,0,0,1,0,1
556,0,1,"Wright, Mr. George",62.0,0,0,113807,26.55,1,2.5068493248391293,-0.11378180431879875,0,1,0,0,1,0,1
557,1,1,"Duff Gordon, Lady. (Lucille Christiana Sutherland) (""Mrs Morgan"")",48.0,1,0,11755,39.6,2,1.431555446430456,0.1488283710785238,1,0,1,0,0,1,0
558,0,1,"Robbins, Mr. Victor",28.0,0,0,PC 17757,227.525,1,-0.10457866558193422,3.930515513725408,0,1,1,0,0,0,1
559,1,1,"Taussig, Mrs. Emil (Tillie Mandelbaum)",39.0,1,1,110413,79.65,3,0.7402950960248805,0.9547699438496172,1,0,0,0,1,1,0
560,1,3,"de Messemaeker, Mrs. Guillaume Joseph (Emma)",36.0,1,0,345572,17.4,2,0.5098749792230219,-0.2979107778732433,1,0,0,0,1,1,0
561,0,3,"Morrow, Mr. Thomas Rowan",28.0,0,0,372622,7.75,1,-0.10457866558193422,-0.49210144397164657,0,1,0,1,0,0,1
562,0,3,"Sivic, Mr. Husein",40.0,0,0,349251,7.8958,1,0.8171018016255001,-0.4891674544258282,0,1,0,0,1,0,1
563,0,2,"Norman, Mr. Robert Douglas",28.0,0,0,218629,13.5,1,-0.10457866558193422,-0.3763919797161213,0,1,0,0,1,0,1
564,0,3,"Simmons, Mr. John",28.0,0,0,SOTON/OQ 392082,8.05,1,-0.10457866558193422,-0.48606442844527137,0,1,0,0,1,0,1
565,0,3,"Meanwell, Miss. (Marion Ogden)",28.0,0,0,SOTON/O.Q. 392087,8.05,1,-0.10457866558193422,-0.48606442844527137,1,0,0,0,1,0,1
566,0,3,"Davies, Mr. Alfred J",24.0,2,0,A/4 48871,24.15,3,-0.4118054879844123,-0.16207792852980066,0,1,0,0,1,1,0
567,0,3,"Stoytcheff, Mr. Ilia",19.0,0,0,349205,7.8958,1,-0.79583901598751,-0.4891674544258282,0,1,0,0,1,0,1
568,0,3,"Palsson, Mrs. Nils (Alma Cornelia Berglund)",29.0,0,4,349909,21.075,5,-0.027771959981314702,-0.22395733767514675,1,0,0,0,1,1,0
569,0,3,"Doharr, Mr. Tannous",28.0,0,0,2686,7.2292,1,-0.10457866558193422,-0.502581702925434,0,1,1,0,0,0,1
570,1,3,"Jonsson, Mr. Carl",32.0,0,0,350417,7.8542,1,0.20264815682054385,-0.4900045872454856,0,1,0,0,1,0,1
571,1,2,"Harris, Mr. George",62.0,0,0,S.W./PP 752,10.5,1,2.5068493248391293,-0.43676213497987365,0,1,0,0,1,0,1
572,1,1,"Appleton, Mrs. Edward Dale (Charlotte Lamson)",53.0,2,0,11769,51.4792,3,1.8155889744335538,0.38787808721491257,1,0,0,0,1,1,0
573,1,1,"Flynn, Mr. John Irwin (""Irving"")",36.0,0,0,PC 17474,26.3875,1,0.5098749792230219,-0.11705185439558537,0,1,0,0,1,0,1
574,1,3,"Kelly, Miss. Mary",28.0,0,0,14312,7.75,1,-0.10457866558193422,-0.49210144397164657,1,0,0,1,0,0,1
575,0,3,"Rush, Mr. Alfred George John",16.0,0,0,A/4. 20589,8.05,1,-1.0262591327893684,-0.48606442844527137,0,1,0,0,1,0,1
576,0,3,"Patchett, Mr. George",19.0,0,0,358585,14.5,1,-0.79583901598751,-0.35626859462820387,0,1,0,0,1,0,1
577,1,2,"Garside, Miss. Ethel",34.0,0,0,243880,13.0,1,0.3562615680217829,-0.38645367226008004,1,0,0,0,1,0,1
578,1,1,"Silvey, Mrs. William Baird (Alice Munger)",39.0,1,0,13507,55.9,2,0.7402950960248805,0.47683954801157796,1,0,0,0,1,1,0
579,0,3,"Caram, Mrs. Joseph (Maria Elias)",28.0,1,0,2689,14.4583,2,-0.10457866558193422,-0.35710773978637,1,0,1,0,0,1,0
580,1,3,"Jussila, Mr. Eiriik",32.0,0,0,STON/O 2. 3101286,7.925,1,0.20264815682054385,-0.48857985158126105,0,1,0,0,1,0,1
581,1,2,"Christy, Miss. Julie Rachel",25.0,1,1,237789,30.0,3,-0.33499878238379277,-0.04435612576548362,1,0,0,0,1,1,0
582,1,1,"Thayer, Mrs. John Borland (Marian Longstreth Morris)",39.0,1,1,17421,110.8833,3,0.7402950960248805,1.583289667316069,1,0,1,0,0,1,0
583,0,2,"Downton, Mr. William James",54.0,0,0,28403,26.0,1,1.8923956800341732,-0.12484966611715337,0,1,0,0,1,0,1
584,0,1,"Ross, Mr. John Hugo",36.0,0,0,13049,40.125,1,0.5098749792230219,0.15939314824968043,0,1,1,0,0,0,1
585,0,3,"Paulner, Mr. Uscher",28.0,0,0,3411,8.7125,1,-0.10457866558193422,-0.4727326858245261,0,1,1,0,0,0,1
586,1,1,"Taussig, Miss. Ruth",18.0,0,2,110413,79.65,3,-0.8726457215881294,0.9547699438496172,1,0,0,0,1,1,0
587,0,2,"Jarvis, Mr. John Denzil",47.0,0,0,237565,15.0,1,1.3547487408298367,-0.34620690208424515,0,1,0,0,1,0,1
588,1,1,"Frolicher-Stehli, Mr. Maxmillian",60.0,1,1,13567,79.2,3,2.3532359136378904,0.9457144205600544,0,1,1,0,0,1,0
589,0,3,"Gilinski, Mr. Eliezer",22.0,0,0,14973,8.05,1,-0.5654188991856514,-0.48606442844527137,0,1,0,0,1,0,1
590,0,3,"Murdlin, Mr. Joseph",28.0,0,0,A./5. 3235,8.05,1,-0.10457866558193422,-0.48606442844527137,0,1,0,0,1,0,1
591,0,3,"Rintamaki, Mr. Matti",35.0,0,0,STON/O 2. 3101273,7.125,1,0.4330682736224024,-0.504678559651595,0,1,0,0,1,0,1
592,1,1,"Stephenson, Mrs. Walter Bertram (Martha Eustis)",52.0,1,0,36947,78.2667,2,1.7387822688329342,0.926933265257501,1,0,1,0,0,1,0
593,0,3,"Elsbury, Mr. William James",47.0,0,0,A/5 3902,7.25,1,1.3547487408298367,-0.5021631365156053,0,1,0,0,1,0,1
594,0,3,"Bourke, Miss. Mary",28.0,0,2,364848,7.75,3,-0.10457866558193422,-0.49210144397164657,1,0,0,1,0,1,0
595,0,2,"Chapman, Mr. John Henry",37.0,1,0,SC/AH 29037,26.0,2,0.5866816848236415,-0.12484966611715337,0,1,0,0,1,1,0
596,0,3,"Van Impe, Mr. Jean Baptiste",36.0,1,1,345773,24.15,3,0.5098749792230219,-0.16207792852980066,0,1,0,0,1,1,0
597,1,2,"Leitch, Miss. Jessie Wills",28.0,0,0,248727,33.0,1,-0.10457866558193422,0.016014029498268696,1,0,0,0,1,0,1
598,0,3,"Johnson, Mr. Alfred",49.0,0,0,LINE,0.0,1,1.5083621520310757,-0.6480576784030068,0,1,0,0,1,0,1
599,0,3,"Boulos, Mr. Hanna",28.0,0,0,2664,7.225,1,-0.10457866558193422,-0.5026662211428032,0,1,1,0,0,0,1
600,1,1,"Duff Gordon, Sir. Cosmo Edmund (""Mr Morgan"")",49.0,1,0,PC 17485,56.9292,2,1.5083621520310757,0.4975505359440627,0,1,1,0,0,1,0
601,1,2,"Jacobsohn, Mrs. Sidney Samuel (Amy Frances Christy)",24.0,2,1,243847,27.0,4,-0.4118054879844123,-0.10472628102923592,1,0,0,0,1,1,0
602,0,3,"Slabenoff, Mr. Petco",28.0,0,0,349214,7.8958,1,-0.10457866558193422,-0.4891674544258282,0,1,0,0,1,0,1
603,0,1,"Harrington, Mr. Charles H",28.0,0,0,113796,42.4,1,-0.10457866558193422,0.20517384932469257,0,1,0,0,1,0,1
604,0,3,"Torber, Mr. Ernst William",44.0,0,0,364511,8.05,1,1.1243286240279782,-0.48606442844527137,0,1,0,0,1,0,1
605,1,1,"Homer, Mr. Harry (""Mr E Haven"")",35.0,0,0,111426,26.55,1,0.4330682736224024,-0.11378180431879875,0,1,1,0,0,0,1
606,0,3,"Lindell, Mr. Edvard Bengtsson",36.0,1,0,349910,15.55,2,0.5098749792230219,-0.3351390402858906,0,1,0,0,1,1,0
607,0,3,"Karaic, Mr. Milan",30.0,0,0,349246,7.8958,1,0.04903474561930482,-0.4891674544258282,0,1,0,0,1,0,1
608,1,1,"Daniel, Mr. Robert Williams",27.0,0,0,113804,30.5,1,-0.18138537118255374,-0.034294433221524895,0,1,0,0,1,0,1
609,1,2,"Laroche, Mrs. Joseph (Juliette Marie Louise Lafargue)",22.0,1,2,SC/Paris 2123,41.5792,4,-0.5654188991856514,0.18865657484452997,1,0,1,0,0,1,0
610,1,1,"Shutes, Miss. Elizabeth W",40.0,0,0,PC 17582,153.4625,1,0.8171018016255001,2.440127305651523,1,0,0,0,1,0,1
611,0,3,"Andersson, Mrs. Anders Johan (Alfrida Konstantia Brogren)",39.0,1,5,347082,31.275,7,0.7402950960248805,-0.01869880977838891,1,0,0,0,1,1,0
612,0,3,"Jardin, Mr. Jose Neto",28.0,0,0,SOTON/O.Q. 3101305,7.05,1,-0.10457866558193422,-0.5061878135331888,0,1,0,0,1,0,1
613,1,3,"Murphy, Miss. Margaret Jane",28.0,1,0,367230,15.5,2,-0.10457866558193422,-0.3361452095402864,1,0,0,1,0,1,0
614,0,3,"Horgan, Mr. John",28.0,0,0,370377,7.75,1,-0.10457866558193422,-0.49210144397164657,0,1,0,1,0,0,1
615,0,3,"Brocklebank, Mr. William Alfred",35.0,0,0,364512,8.05,1,0.4330682736224024,-0.48606442844527137,0,1,0,0,1,0,1
616,1,2,"Herman, Miss. Alice",24.0,1,2,220845,65.0,4,-0.4118054879844123,0.6599623523116267,1,0,0,0,1,1,0
617,0,3,"Danbom, Mr. Ernst Gilbert",34.0,1,1,347080,14.4,3,0.3562615680217829,-0.35828093313699566,0,1,0,0,1,1,0
618,0,3,"Lobb, Mrs. William Arthur (Cordelia K Stanlick)",26.0,1,0,A/5. 3336,16.1,2,-0.25819207678317324,-0.32407117848753597,1,0,0,0,1,1,0
619,1,2,"Becker, Miss. Marion Louise",4.0,2,1,230136,39.0,4,-1.9479395999968028,0.13675434002577333,1,0,0,0,1,1,0
620,0,2,"Gavey, Mr. Lawrence",26.0,0,0,31028,10.5,1,-0.25819207678317324,-0.43676213497987365,0,1,0,0,1,0,1
621,0,3,"Yasbeck, Mr. Antoni",27.0,1,0,2659,14.4542,2,-0.18138537118255374,-0.3571902456652305,0,1,1,0,0,1,0
622,1,1,"Kimball, Mr. Edwin Nelson Jr",42.0,1,0,11753,52.5542,2,0.970715212826739,0.40951072618442386,0,1,0,0,1,1,0
623,1,3,"Nakid, Mr. Sahid",20.0,1,1,2653,15.7417,3,-0.7190323103868904,-0.3312813873645368,0,1,1,0,0,1,0
624,0,3,"Hansen, Mr. Henry Damsgaard",21.0,0,0,350029,7.8542,1,-0.6422256047862709,-0.4900045872454856,0,1,0,0,1,0,1
625,0,3,"Bowen, Mr. David John ""Dai""",21.0,0,0,54636,16.1,1,-0.6422256047862709,-0.32407117848753597,0,1,0,0,1,0,1
626,0,1,"Sutton, Mr. Frederick",61.0,0,0,36963,32.3208,1,2.43004261923851,0.002346226346555142,0,1,0,0,1,0,1
627,0,2,"Kirkland, Rev. Charles Leonard",57.0,0,0,219533,12.35,1,2.122815796836032,-0.39953387256722633,0,1,0,1,0,0,1
628,1,1,"Longley, Miss. Gretchen Fiske",21.0,0,0,13502,77.9583,1,-0.6422256047862709,0.9207272132963871,1,0,0,0,1,0,1
629,0,3,"Bostandyeff, Mr. Guentcho",26.0,0,0,349224,7.8958,1,-0.25819207678317324,-0.4891674544258282,0,1,0,0,1,0,1
630,0,3,"O'Connell, Mr. Patrick D",28.0,0,0,334912,7.7333,1,-0.10457866558193422,-0.4924375045026148,0,1,0,1,0,0,1
631,1,1,"Barkworth, Mr. Algernon Henry Wilson",80.0,0,0,27042,30.0,1,3.889370025650281,-0.04435612576548362,0,1,0,0,1,0,1
632,0,3,"Lundahl, Mr. Johan Svensson",51.0,0,0,347743,7.0542,1,1.6619755632323148,-0.5061032953158195,0,1,0,0,1,0,1
633,1,1,"Stahelin-Maeglin, Dr. Max",32.0,0,0,13214,30.5,1,0.20264815682054385,-0.034294433221524895,0,1,1,0,0,0,1
634,0,1,"Parr, Mr. William Henry Marsh",28.0,0,0,112052,0.0,1,-0.10457866558193422,-0.6480576784030068,0,1,0,0,1,0,1
635,0,3,"Skoog, Miss. Mabel",9.0,3,2,347088,27.9,6,-1.563906071993705,-0.08661523445011025,1,0,0,0,1,1,0
636,1,2,"Davis, Miss. Mary",28.0,0,0,237668,13.0,1,-0.10457866558193422,-0.38645367226008004,1,0,0,0,1,0,1
637,0,3,"Leinonen, Mr. Antti Gustaf",32.0,0,0,STON/O 2. 3101292,7.925,1,0.20264815682054385,-0.48857985158126105,0,1,0,0,1,0,1
638,0,2,"Collyer, Mr. Harvey",31.0,1,1,C.A. 31921,26.25,3,0.12584145121992435,-0.11981881984517401,0,1,0,0,1,1,0
639,0,3,"Panula, Mrs. Juha (Maria Emilia Ojala)",41.0,0,5,3101295,39.6875,6,0.8939085072261196,0.15058916727371655,1,0,0,0,1,1,0
640,0,3,"Thorneycroft, Mr. Percival",28.0,1,0,376564,16.1,2,-0.10457866558193422,-0.32407117848753597,0,1,0,0,1,1,0
641,0,3,"Jensen, Mr. Hans Peder",20.0,0,0,350050,7.8542,1,-0.7190323103868904,-0.4900045872454856,0,1,0,0,1,0,1
642,1,1,"Sagesser, Mlle. Emma",24.0,0,0,PC 17477,69.3,1,-0.4118054879844123,0.7464929081896716,1,0,1,0,0,0,1
643,0,3,"Skoog, Miss. Margit Elizabeth",2.0,3,2,347088,27.9,6,-2.1015530111980416,-0.08661523445011025,1,0,0,0,1,1,0
644,1,3,"Foo, Mr. Choong",28.0,0,0,1601,56.4958,1,-0.10457866558193422,0.48882906084695926,0,1,0,0,1,0,1
645,1,3,"Baclini, Miss. Eugenie",0.75,2,1,2666,19.2583,4,-2.197561393198816,-0.26051549136436636,1,0,1,0,0,1,0
646,1,1,"Harper, Mr. Henry Sleeper",48.0,1,0,PC 17572,76.7292,2,1.431555446430456,0.895993560684828,0,1,1,0,0,1,0
647,0,3,"Cor, Mr. Liudevit",19.0,0,0,349231,7.8958,1,-0.79583901598751,-0.4891674544258282,0,1,0,0,1,0,1
648,1,1,"Simonius-Blumer, Col. Oberst Alfons",56.0,0,0,13213,35.5,1,2.0460090912354123,0.06632249221806229,0,1,1,0,0,0,1
649,0,3,"Willey, Mr. Edward",28.0,0,0,S.O./P.P. 751,7.55,1,-0.10457866558193422,-0.4961261209892301,0,1,0,0,1,0,1
650,1,3,"Stanley, Miss. Amy Zillah Elsie",23.0,0,0,CA. 2314,7.55,1,-0.48861219358503183,-0.4961261209892301,1,0,0,0,1,0,1
651,0,3,"Mitkoff, Mr. Mito",28.0,0,0,349221,7.8958,1,-0.10457866558193422,-0.4891674544258282,0,1,0,0,1,0,1
652,1,2,"Doling, Miss. Elsie",18.0,0,1,231919,23.0,2,-0.8726457215881294,-0.18521982138090567,1,0,0,0,1,1,0
653,0,3,"Kalvik, Mr. Johannes Halvorsen",21.0,0,0,8475,8.4333,1,-0.6422256047862709,-0.4783511349410726,0,1,0,0,1,0,1
654,1,3,"O'Leary, Miss. Hanora ""Norah""",28.0,0,0,330919,7.8292,1,-0.10457866558193422,-0.4905076718726835,1,0,0,1,0,0,1
655,0,3,"Hegarty, Miss. Hanora ""Nora""",18.0,0,0,365226,6.75,1,-0.8726457215881294,-0.512224829059564,1,0,0,1,0,0,1
656,0,2,"Hickman, Mr. Leonard Mark",24.0,2,0,S.O.C. 14879,73.5,3,-0.4118054879844123,0.8310111255589249,0,1,0,0,1,1,0
657,0,3,"Radeff, Mr. Alexander",28.0,0,0,349223,7.8958,1,-0.10457866558193422,-0.4891674544258282,0,1,0,0,1,0,1
658,0,3,"Bourke, Mrs. John (Catherine)",32.0,1,1,364849,15.5,3,0.20264815682054385,-0.3361452095402864,1,0,0,1,0,1,0
659,0,2,"Eitemiller, Mr. George Floyd",23.0,0,0,29751,13.0,1,-0.48861219358503183,-0.38645367226008004,0,1,0,0,1,0,1
660,0,1,"Newell, Mr. Arthur Webster",58.0,0,2,35273,113.275,3,2.1996225024366516,1.6314187674308411,0,1,1,0,0,1,0
661,1,1,"Frauenthal, Dr. Henry William",50.0,2,0,PC 17611,133.65,3,1.5851688576316951,2.041432738597159,0,1,0,0,1,1,0
662,0,3,"Badt, Mr. Mohamed",40.0,0,0,2623,7.225,1,0.8171018016255001,-0.5026662211428032,0,1,1,0,0,0,1
663,0,1,"Colley, Mr. Edward Pomeroy",47.0,0,0,5727,25.5875,1,1.3547487408298367,-0.13315056246591933,0,1,0,0,1,0,1
664,0,3,"Coleff, Mr. Peju",36.0,0,0,349210,7.4958,1,0.5098749792230219,-0.4972168084609952,0,1,0,0,1,0,1
665,1,3,"Lindqvist, Mr. Eino William",20.0,1,0,STON/O 2. 3101285,7.925,2,-0.7190323103868904,-0.48857985158126105,0,1,0,0,1,1,0
666,0,2,"Hickman, Mr. Lewis",32.0,2,0,S.O.C. 14879,73.5,3,0.20264815682054385,0.8310111255589249,0,1,0,0,1,1,0
667,0,2,"Butler, Mr. Reginald Fenton",25.0,0,0,234686,13.0,1,-0.33499878238379277,-0.38645367226008004,0,1,0,0,1,0,1
668,0,3,"Rommetvedt, Mr. Knud Paust",28.0,0,0,312993,7.775,1,-0.10457866558193422,-0.4915983593444487,0,1,0,0,1,0,1
669,0,3,"Cook, Mr. Jacob",43.0,0,0,A/5 3536,8.05,1,1.0475219184273585,-0.48606442844527137,0,1,0,0,1,0,1
670,1,1,"Taylor, Mrs. Elmer Zebley (Juliet Cummins Wright)",28.0,1,0,19996,52.0,2,-0.10457866558193422,0.39835834616870003,1,0,0,0,1,1,0
671,1,2,"Brown, Mrs. Thomas William Solomon (Elizabeth Catherine Ford)",40.0,1,1,29750,39.0,3,0.8171018016255001,0.13675434002577333,1,0,0,0,1,1,0
672,0,1,"Davidson, Mr. Thornton",31.0,1,0,F.C. 12750,52.0,2,0.12584145121992435,0.39835834616870003,0,1,0,0,1,1,0
673,0,2,"Mitchell, Mr. Henry Michael",70.0,0,0,C.A. 24580,10.5,1,3.1213029696440855,-0.43676213497987365,0,1,0,0,1,0,1
674,1,2,"Wilhelms, Mr. Charles",31.0,0,0,244270,13.0,1,0.12584145121992435,-0.38645367226008004,0,1,0,0,1,0,1
675,0,2,"Watson, Mr. Ennis Hastings",28.0,0,0,239856,0.0,1,-0.10457866558193422,-0.6480576784030068,0,1,0,0,1,0,1
676,0,3,"Edvardsson, Mr. Gustaf Hjalmar",18.0,0,0,349912,7.775,1,-0.8726457215881294,-0.4915983593444487,0,1,0,0,1,0,1
677,0,3,"Sawyer, Mr. Frederick Charles",24.5,0,0,342826,8.05,1,-0.37340213518410253,-0.48606442844527137,0,1,0,0,1,0,1
678,1,3,"Turja, Miss. Anna Sofia",18.0,0,0,4138,9.8417,1,-0.8726457215881294,-0.4500093593832497,1,0,0,0,1,0,1
679,0,3,"Goodwin, Mrs. Frederick (Augusta Tyler)",43.0,1,6,CA 2144,46.9,8,1.0475219184273585,0.29572908222032107,1,0,0,0,1,1,0
680,1,1,"Cardeza, Mr. Thomas Drake Martinez",36.0,0,1,PC 17755,512.3292,2,0.5098749792230219,9.661740104981664,0,1,1,0,0,1,0
681,0,3,"Peters, Miss. Katie",28.0,0,0,330935,8.1375,1,-0.10457866558193422,-0.4843036322500786,1,0,0,1,0,0,1
682,1,1,"Hassab, Mr. Hammad",27.0,0,0,PC 17572,76.7292,1,-0.18138537118255374,0.895993560684828,0,1,1,0,0,0,1
683,0,3,"Olsvigen, Mr. Thor Anderson",20.0,0,0,6563,9.225,1,-0.7190323103868904,-0.46241945096696835,0,1,0,0,1,0,1
684,0,3,"Goodwin, Mr. Charles Edward",14.0,5,2,CA 2144,46.9,8,-1.1798725439906075,0.29572908222032107,0,1,0,0,1,1,0
685,0,2,"Brown, Mr. Thomas William Solomon",60.0,1,1,29750,39.0,3,2.3532359136378904,0.13675434002577333,0,1,0,0,1,1,0
686,0,2,"Laroche, Mr. Joseph Philippe Lemercier",25.0,1,2,SC/Paris 2123,41.5792,4,-0.33499878238379277,0.18865657484452997,0,1,1,0,0,1,0
687,0,3,"Panula, Mr. Jaako Arnold",14.0,4,1,3101295,39.6875,6,-1.1798725439906075,0.15058916727371655,0,1,0,0,1,1,0
688,0,3,"Dakic, Mr. Branko",19.0,0,0,349228,10.1708,1,-0.79583901598751,-0.44338675335081607,0,1,0,0,1,0,1
689,0,3,"Fischer, Mr. Eberhard Thelander",18.0,0,0,350036,7.7958,1,-0.8726457215881294,-0.49117979293462,0,1,0,0,1,0,1
690,1,1,"Madill, Miss. Georgette Alexandra",15.0,0,1,24160,211.3375,2,-1.103065838389988,3.6047682176147444,1,0,0,0,1,1,0
691,1,1,"Dick, Mr. Albert Adrian",31.0,1,0,17474,57.0,2,0.12584145121992435,0.4989752716082872,0,1,0,0,1,1,0
692,1,3,"Karun, Miss. Manca",4.0,0,1,349256,13.4167,2,-1.9479395999968028,-0.37806825769394486,1,0,1,0,0,1,0
693,1,3,"Lam, Mr. Ali",28.0,0,0,1601,56.4958,1,-0.10457866558193422,0.48882906084695926,0,1,0,0,1,0,1
694,0,3,"Saad, Mr. Khalil",25.0,0,0,2672,7.225,1,-0.33499878238379277,-0.5026662211428032,0,1,1,0,0,0,1
695,0,1,"Weir, Col. John",60.0,0,0,113800,26.55,1,2.3532359136378904,-0.11378180431879875,0,1,0,0,1,0,1
696,0,2,"Chapman, Mr. Charles Henry",52.0,0,0,248731,13.5,1,1.7387822688329342,-0.3763919797161213,0,1,0,0,1,0,1
697,0,3,"Kelly, Mr. James",44.0,0,0,363592,8.05,1,1.1243286240279782,-0.48606442844527137,0,1,0,0,1,0,1
698,1,3,"Mullens, Miss. Katherine ""Katie""",28.0,0,0,35852,7.7333,1,-0.10457866558193422,-0.4924375045026148,1,0,0,1,0,0,1
699,0,1,"Thayer, Mr. John Borland",49.0,1,1,17421,110.8833,3,1.5083621520310757,1.583289667316069,0,1,1,0,0,1,0
700,0,3,"Humblen, Mr. Adolf Mathias Nicolai Olsen",42.0,0,0,348121,7.65,1,0.970715212826739,-0.49411378248043836,0,1,0,0,1,0,1
701,1,1,"Astor, Mrs. John Jacob (Madeleine Talmadge Force)",18.0,1,0,PC 17757,227.525,2,-0.8726457215881294,3.930515513725408,1,0,1,0,0,1,0
702,1,1,"Silverthorne, Mr. Spencer Victor",35.0,0,0,PC 17475,26.2875,1,0.4330682736224024,-0.11906419290437707,0,1,0,0,1,0,1
703,0,3,"Barbara, Miss. Saiide",18.0,0,1,2691,14.4542,2,-0.8726457215881294,-0.3571902456652305,1,0,1,0,0,1,0
704,0,3,"Gallagher, Mr. Martin",25.0,0,0,36864,7.7417,1,-0.33499878238379277,-0.4922684680678763,0,1,0,1,0,0,1
705,0,3,"Hansen, Mr. Henrik Juul",26.0,1,0,350025,7.8542,2,-0.25819207678317324,-0.4900045872454856,0,1,0,0,1,1,0
706,0,2,"Morley, Mr. Henry Samuel (""Mr Henry Marshall"")",39.0,0,0,250655,26.0,1,0.7402950960248805,-0.12484966611715337,0,1,0,0,1,0,1
707,1,2,"Kelly, Mrs. Florence ""Fannie""",45.0,0,0,223596,13.5,1,1.2011353296285976,-0.3763919797161213,1,0,0,0,1,0,1
708,1,1,"Calderhead, Mr. Edward Pennington",42.0,0,0,PC 17476,26.2875,1,0.970715212826739,-0.11906419290437707,0,1,0,0,1,0,1
709,1,1,"Cleaver, Miss. Alice",22.0,0,0,113781,151.55,1,-0.5654188991856514,2.401641331670881,1,0,0,0,1,0,1
710,1,3,"Moubarek, Master. Halim Gonios (""William George"")",28.0,1,1,2661,15.2458,3,-0.10457866558193422,-0.34126057402963506,0,1,1,0,0,1,0
711,1,1,"Mayne, Mlle. Berthe Antonine (""Mrs de Villiers"")",24.0,0,0,PC 17482,49.5042,1,-0.4118054879844123,0.34813440166627563,1,0,1,0,0,0,1
712,0,1,"Klaber, Mr. Herman",28.0,0,0,113028,26.55,1,-0.10457866558193422,-0.11378180431879875,0,1,0,0,1,0,1
713,1,1,"Taylor, Mr. Elmer Zebley",48.0,1,0,19996,52.0,2,1.431555446430456,0.39835834616870003,0,1,0,0,1,1,0
714,0,3,"Larsson, Mr. August Viktor",29.0,0,0,7545,9.4833,1,-0.027771959981314702,-0.4572215805987593,0,1,0,0,1,0,1
715,0,2,"Greenberg, Mr. Samuel",52.0,0,0,250647,13.0,1,1.7387822688329342,-0.38645367226008004,0,1,0,0,1,0,1
716,0,3,"Soholt, Mr. Peter Andreas Lauritz Andersen",19.0,0,0,348124,7.65,1,-0.79583901598751,-0.49411378248043836,0,1,0,0,1,0,1
717,1,1,"Endres, Miss. Caroline Louise",38.0,0,0,PC 17757,227.525,1,0.663488390424261,3.930515513725408,1,0,1,0,0,0,1
718,1,2,"Troutt, Miss. Edwina Celia ""Winnie""",27.0,0,0,34218,10.5,1,-0.18138537118255374,-0.43676213497987365,1,0,0,0,1,0,1
719,0,3,"McEvoy, Mr. Michael",28.0,0,0,36568,15.5,1,-0.10457866558193422,-0.3361452095402864,0,1,0,1,0,0,1
720,0,3,"Johnson, Mr. Malkolm Joackim",33.0,0,0,347062,7.775,1,0.27945486242116335,-0.4915983593444487,0,1,0,0,1,0,1
721,1,2,"Harper, Miss. Annie Jessie ""Nina""",6.0,0,1,248727,33.0,2,-1.7943261887955637,0.016014029498268696,1,0,0,0,1,1,0
722,0,3,"Jensen, Mr. Svend Lauritz",17.0,1,0,350048,7.0542,2,-0.9494524271887489,-0.5061032953158195,0,1,0,0,1,1,0
723,0,2,"Gillespie, Mr. William Henry",34.0,0,0,12233,13.0,1,0.3562615680217829,-0.38645367226008004,0,1,0,0,1,0,1
724,0,2,"Hodges, Mr. Henry Price",50.0,0,0,250643,13.0,1,1.5851688576316951,-0.38645367226008004,0,1,0,0,1,0,1
725,1,1,"Chambers, Mr. Norman Campbell",27.0,1,0,113806,53.1,2,-0.18138537118255374,0.4204940697654092,0,1,0,0,1,1,0
726,0,3,"Oreskovic, Mr. Luka",20.0,0,0,315094,8.6625,1,-0.7190323103868904,-0.4737388550789219,0,1,0,0,1,0,1
727,1,2,"Renouf, Mrs. Peter Henry (Lillian Jefferys)",30.0,3,0,31027,21.0,4,0.04903474561930482,-0.22546659155674054,1,0,0,0,1,1,0
728,1,3,"Mannion, Miss. Margareth",28.0,0,0,36866,7.7375,1,-0.10457866558193422,-0.49235298628524554,1,0,0,1,0,0,1
729,0,2,"Bryhl, Mr. Kurt Arnold Gottfrid",25.0,1,0,236853,26.0,2,-0.33499878238379277,-0.12484966611715337,0,1,0,0,1,1,0
730,0,3,"Ilmakangas, Miss. Pieta Sofia",25.0,1,0,STON/O2. 3101271,7.925,2,-0.33499878238379277,-0.48857985158126105,1,0,0,0,1,1,0
731,1,1,"Allen, Miss. Elisabeth Walton",29.0,0,0,24160,211.3375,1,-0.027771959981314702,3.6047682176147444,1,0,0,0,1,0,1
732,0,3,"Hassan, Mr. Houssein G N",11.0,0,0,2699,18.7875,1,-1.410292660792466,-0.26998958106375787,0,1,1,0,0,0,1
733,0,2,"Knight, Mr. Robert J",28.0,0,0,239855,0.0,1,-0.10457866558193422,-0.6480576784030068,0,1,0,0,1,0,1
734,0,2,"Berriman, Mr. William John",23.0,0,0,28425,13.0,1,-0.48861219358503183,-0.38645367226008004,0,1,0,0,1,0,1
735,0,2,"Troupiansky, Mr. Moses Aaron",23.0,0,0,233639,13.0,1,-0.48861219358503183,-0.38645367226008004,0,1,0,0,1,0,1
736,0,3,"Williams, Mr. Leslie",28.5,0,0,54636,16.1,1,-0.06617531278162446,-0.32407117848753597,0,1,0,0,1,0,1
737,0,3,"Ford, Mrs. Edward (Margaret Ann Watson)",48.0,1,3,W./C. 6608,34.375,5,1.431555446430456,0.043683683994155176,1,0,0,0,1,1,0
738,1,1,"Lesurer, Mr. Gustave J",35.0,0,0,PC 17755,512.3292,1,0.4330682736224024,9.661740104981664,0,1,1,0,0,0,1
739,0,3,"Ivanoff, Mr. Kanio",28.0,0,0,349201,7.8958,1,-0.10457866558193422,-0.4891674544258282,0,1,0,0,1,0,1
740,0,3,"Nankoff, Mr. Minko",28.0,0,0,349218,7.8958,1,-0.10457866558193422,-0.4891674544258282,0,1,0,0,1,0,1
741,1,1,"Hawksford, Mr. Walter James",28.0,0,0,16988,30.0,1,-0.10457866558193422,-0.04435612576548362,0,1,0,0,1,0,1
742,0,1,"Cavendish, Mr. Tyrell William",36.0,1,0,19877,78.85,2,0.5098749792230219,0.938671235779283,0,1,0,0,1,1,0
743,1,1,"Ryerson, Miss. Susan Parker ""Suzette""",21.0,2,2,PC 17608,262.375,5,-0.6422256047862709,4.631815484039331,1,0,1,0,0,1,0
744,0,3,"McNamee, Mr. Neal",24.0,1,0,376566,16.1,2,-0.4118054879844123,-0.32407117848753597,0,1,0,0,1,1,0
745,1,3,"Stranden, Mr. Juho",31.0,0,0,STON/O 2. 3101288,7.925,1,0.12584145121992435,-0.48857985158126105,0,1,0,0,1,0,1
746,0,1,"Crosby, Capt. Edward Gifford",70.0,1,1,WE/P 5735,71.0,3,3.1213029696440855,0.7807026628391313,0,1,0,0,1,1,0
747,0,3,"Abbott, Mr. Rossmore Edward",16.0,1,1,C.A. 2673,20.25,3,-1.0262591327893684,-0.24055913037267862,0,1,0,0,1,1,0
748,1,2,"Sinkkonen, Miss. Anna",30.0,0,0,250648,13.0,1,0.04903474561930482,-0.38645367226008004,1,0,0,0,1,0,1
749,0,1,"Marvin, Mr. Daniel Warner",19.0,1,0,113773,53.1,2,-0.79583901598751,0.4204940697654092,0,1,0,0,1,1,0
750,0,3,"Connaghton, Mr. Michael",31.0,0,0,335097,7.75,1,0.12584145121992435,-0.49210144397164657,0,1,0,1,0,0,1
751,1,2,"Wells, Miss. Joan",4.0,1,1,29103,23.0,3,-1.9479395999968028,-0.18521982138090567,1,0,0,0,1,1,0
752,1,3,"Moor, Master. Meier",6.0,0,1,392096,12.475,2,-1.7943261887955637,-0.39701844943123665,0,1,0,0,1,1,0
753,0,3,"Vande Velde, Mr. Johannes Joseph",33.0,0,0,345780,9.5,1,0.27945486242116335,-0.4568855200677911,0,1,0,0,1,0,1
754,0,3,"Jonkoff, Mr. Lalio",23.0,0,0,349204,7.8958,1,-0.48861219358503183,-0.4891674544258282,0,1,0,0,1,0,1
755,1,2,"Herman, Mrs. Samuel (Jane Laver)",48.0,1,2,220845,65.0,4,1.431555446430456,0.6599623523116267,1,0,0,0,1,1,0
756,1,2,"Hamalainen, Master. Viljo",0.67,1,1,250649,14.5,3,-2.2037059296468655,-0.35626859462820387,0,1,0,0,1,1,0
757,0,3,"Carlsson, Mr. August Sigfrid",28.0,0,0,350042,7.7958,1,-0.10457866558193422,-0.49117979293462,0,1,0,0,1,0,1
758,0,2,"Bailey, Mr. Percy Andrew",18.0,0,0,29108,11.5,1,-0.8726457215881294,-0.4166387498919562,0,1,0,0,1,0,1
759,0,3,"Theobald, Mr. Thomas Leonard",34.0,0,0,363294,8.05,1,0.3562615680217829,-0.48606442844527137,0,1,0,0,1,0,1
760,1,1,"Rothes, the Countess. of (Lucy Noel Martha Dyer-Edwards)",33.0,0,0,110152,86.5,1,0.27945486242116335,1.0926151317018515,1,0,0,0,1,0,1
761,0,3,"Garfirth, Mr. John",28.0,0,0,358585,14.5,1,-0.10457866558193422,-0.35626859462820387,0,1,0,0,1,0,1
762,0,3,"Nirva, Mr. Iisakki Antino Aijo",41.0,0,0,SOTON/O2 3101272,7.125,1,0.8939085072261196,-0.504678559651595,0,1,0,0,1,0,1
763,1,3,"Barah, Mr. Hanna Assi",20.0,0,0,2663,7.2292,1,-0.7190323103868904,-0.502581702925434,0,1,1,0,0,0,1
764,1,1,"Carter, Mrs. William Ernest (Lucile Polk)",36.0,1,2,113760,120.0,4,0.5098749792230219,1.7667485321470857,1,0,0,0,1,1,0
765,0,3,"Eklund, Mr. Hans Linus",16.0,0,0,347074,7.775,1,-1.0262591327893684,-0.4915983593444487,0,1,0,0,1,0,1
766,1,1,"Hogeboom, Mrs. John C (Anna Andrews)",51.0,1,0,13502,77.9583,2,1.6619755632323148,0.9207272132963871,1,0,0,0,1,1,0
767,0,1,"Brewe, Dr. Arthur Jackson",28.0,0,0,112379,39.6,1,-0.10457866558193422,0.1488283710785238,0,1,1,0,0,0,1
768,0,3,"Mangan, Miss. Mary",30.5,0,0,364850,7.75,1,0.08743809841961457,-0.49210144397164657,1,0,0,1,0,0,1
769,0,3,"Moran, Mr. Daniel J",28.0,1,0,371110,24.15,2,-0.10457866558193422,-0.16207792852980066,0,1,0,1,0,1,0
770,0,3,"Gronnestad, Mr. Daniel Danielsen",32.0,0,0,8471,8.3625,1,0.20264815682054385,-0.47977587060529714,0,1,0,0,1,0,1
771,0,3,"Lievens, Mr. Rene Aime",24.0,0,0,345781,9.5,1,-0.4118054879844123,-0.4568855200677911,0,1,0,0,1,0,1
772,0,3,"Jensen, Mr. Niels Peder",48.0,0,0,350047,7.8542,1,1.431555446430456,-0.4900045872454856,0,1,0,0,1,0,1
773,0,2,"Mack, Mrs. (Mary)",57.0,0,0,S.O./P.P. 3,10.5,1,2.122815796836032,-0.43676213497987365,1,0,0,0,1,0,1
774,0,3,"Elias, Mr. Dibo",28.0,0,0,2674,7.225,1,-0.10457866558193422,-0.5026662211428032,0,1,1,0,0,0,1
775,1,2,"Hocking, Mrs. Elizabeth (Eliza Needs)",54.0,1,3,29105,23.0,5,1.8923956800341732,-0.18521982138090567,1,0,0,0,1,1,0
776,0,3,"Myhrman, Mr. Pehr Fabian Oliver Malkolm",18.0,0,0,347078,7.75,1,-0.8726457215881294,-0.49210144397164657,0,1,0,0,1,0,1
777,0,3,"Tobin, Mr. Roger",28.0,0,0,383121,7.75,1,-0.10457866558193422,-0.49210144397164657,0,1,0,1,0,0,1
778,1,3,"Emanuel, Miss. Virginia Ethel",5.0,0,0,364516,12.475,1,-1.8711328943961831,-0.39701844943123665,1,0,0,0,1,0,1
779,0,3,"Kilgannon, Mr. Thomas J",28.0,0,0,36865,7.7375,1,-0.10457866558193422,-0.49235298628524554,0,1,0,1,0,0,1
780,1,1,"Robert, Mrs. Edward Scott (Elisabeth Walton McMillan)",43.0,0,1,24160,211.3375,2,1.0475219184273585,3.6047682176147444,1,0,0,0,1,1,0
781,1,3,"Ayoub, Miss. Banoura",13.0,0,0,2687,7.2292,1,-1.2566792495912271,-0.502581702925434,1,0,1,0,0,0,1
782,1,1,"Dick, Mrs. Albert Adrian (Vera Gillespie)",17.0,1,0,17474,57.0,2,-0.9494524271887489,0.4989752716082872,1,0,0,0,1,1,0
783,0,1,"Long, Mr. Milton Clyde",29.0,0,0,113501,30.0,1,-0.027771959981314702,-0.04435612576548362,0,1,0,0,1,0,1
784,0,3,"Johnston, Mr. Andrew G",28.0,1,2,W./C. 6607,23.45,4,-0.10457866558193422,-0.17616429809134285,0,1,0,0,1,1,0
785,0,3,"Ali, Mr. William",25.0,0,0,SOTON/O.Q. 3101312,7.05,1,-0.33499878238379277,-0.5061878135331888,0,1,0,0,1,0,1
786,0,3,"Harmer, Mr. Abraham (David Lishin)",25.0,0,0,374887,7.25,1,-0.33499878238379277,-0.5021631365156053,0,1,0,0,1,0,1
787,1,3,"Sjoblom, Miss. Anna Sofia",18.0,0,0,3101265,7.4958,1,-0.8726457215881294,-0.4972168084609952,1,0,0,0,1,0,1
788,0,3,"Rice, Master. George Hugh",8.0,4,1,382652,29.125,6,-1.6407127775943247,-0.061964087717411374,0,1,0,1,0,1,0
789,1,3,"Dean, Master. Bertram Vere",1.0,1,2,C.A. 2315,20.575,4,-2.1783597167986612,-0.23401903021910547,0,1,0,0,1,1,0
790,0,1,"Guggenheim, Mr. Benjamin",46.0,0,0,PC 17593,79.2,1,1.2779420352292172,0.9457144205600544,0,1,1,0,0,0,1
791,0,3,"Keane, Mr. Andrew ""Andy""",28.0,0,0,12460,7.75,1,-0.10457866558193422,-0.49210144397164657,0,1,0,1,0,0,1
792,0,2,"Gaskell, Mr. Alfred",16.0,0,0,239865,26.0,1,-1.0262591327893684,-0.12484966611715337,0,1,0,0,1,0,1
793,0,3,"Sage, Miss. Stella Anna",28.0,8,2,CA. 2343,69.55,11,-0.10457866558193422,0.751523754461651,1,0,0,0,1,1,0
794,0,1,"Hoyt, Mr. William Fisher",28.0,0,0,PC 17600,30.6958,1,-0.10457866558193422,-0.03035427442131069,0,1,1,0,0,0,1
795,0,3,"Dantcheff, Mr. Ristiu",25.0,0,0,349203,7.8958,1,-0.33499878238379277,-0.4891674544258282,0,1,0,0,1,0,1
796,0,2,"Otter, Mr. Richard",39.0,0,0,28213,13.0,1,0.7402950960248805,-0.38645367226008004,0,1,0,0,1,0,1
797,1,1,"Leader, Dr. Alice (Farnham)",49.0,0,0,17465,25.9292,1,1.5083621520310757,-0.1262744017813779,1,0,0,0,1,0,1
798,1,3,"Osman, Mrs. Mara",31.0,0,0,349244,8.6833,1,0.12584145121992435,-0.47332028866909326,1,0,0,0,1,0,1
799,0,3,"Ibrahim Shawah, Mr. Yousseff",30.0,0,0,2685,7.2292,1,0.04903474561930482,-0.502581702925434,0,1,1,0,0,0,1
800,0,3,"Van Impe, Mrs. Jean Baptiste (Rosalie Paula Govaert)",30.0,1,1,345773,24.15,3,0.04903474561930482,-0.16207792852980066,1,0,0,0,1,1,0
801,0,2,"Ponesell, Mr. Martin",34.0,0,0,250647,13.0,1,0.3562615680217829,-0.38645367226008004,0,1,0,0,1,0,1
802,1,2,"Collyer, Mrs. Harvey (Charlotte Annie Tate)",31.0,1,1,C.A. 31921,26.25,3,0.12584145121992435,-0.11981881984517401,1,0,0,0,1,1,0
803,1,1,"Carter, Master. William Thornton II",11.0,1,2,113760,120.0,4,-1.410292660792466,1.7667485321470857,0,1,0,0,1,1,0
804,1,3,"Thomas, Master. Assad Alexander",0.42,0,1,2625,8.5167,2,-2.2229076060470203,-0.4766728446247403,0,1,1,0,0,1,0
805,1,3,"Hedman, Mr. Oskar Arvid",27.0,0,0,347089,6.975,1,-0.18138537118255374,-0.5076970674147826,0,1,0,0,1,0,1
806,0,3,"Johansson, Mr. Karl Johan",31.0,0,0,347063,7.775,1,0.12584145121992435,-0.4915983593444487,0,1,0,0,1,0,1
807,0,1,"Andrews, Mr. Thomas Jr",39.0,0,0,112050,0.0,1,0.7402950960248805,-0.6480576784030068,0,1,0,0,1,0,1
808,0,3,"Pettersson, Miss. Ellen Natalia",18.0,0,0,347087,7.775,1,-0.8726457215881294,-0.4915983593444487,1,0,0,0,1,0,1
809,0,2,"Meyer, Mr. August",39.0,0,0,248723,13.0,1,0.7402950960248805,-0.38645367226008004,0,1,0,0,1,0,1
810,1,1,"Chambers, Mrs. Norman Campbell (Bertha Griggs)",33.0,1,0,113806,53.1,2,0.27945486242116335,0.4204940697654092,1,0,0,0,1,1,0
811,0,3,"Alexander, Mr. William",26.0,0,0,3474,7.8875,1,-0.25819207678317324,-0.48933447852205797,0,1,0,0,1,0,1
812,0,3,"Lester, Mr. James",39.0,0,0,A/4 48871,24.15,1,0.7402950960248805,-0.16207792852980066,0,1,0,0,1,0,1
813,0,2,"Slemen, Mr. Richard James",35.0,0,0,28206,10.5,1,0.4330682736224024,-0.43676213497987365,0,1,0,0,1,0,1
814,0,3,"Andersson, Miss. Ebba Iris Alfrida",6.0,4,2,347082,31.275,7,-1.7943261887955637,-0.01869880977838891,1,0,0,0,1,1,0
815,0,3,"Tomlin, Mr. Ernest Portage",30.5,0,0,364499,8.05,1,0.08743809841961457,-0.48606442844527137,0,1,0,0,1,0,1
816,0,1,"Fry, Mr. Richard",28.0,0,0,112058,0.0,1,-0.10457866558193422,-0.6480576784030068,0,1,0,0,1,0,1
817,0,3,"Heininen, Miss. Wendla Maria",23.0,0,0,STON/O2. 3101290,7.925,1,-0.48861219358503183,-0.48857985158126105,1,0,0,0,1,0,1
818,0,2,"Mallet, Mr. Albert",31.0,1,1,S.C./PARIS 2079,37.0042,3,0.12584145121992435,0.09659208806730764,0,1,1,0,0,1,0
819,0,3,"Holm, Mr. John Fredrik Alexander",43.0,0,0,C 7075,6.45,1,1.0475219184273585,-0.5182618445859393,0,1,0,0,1,0,1
820,0,3,"Skoog, Master. Karl Thorsten",10.0,3,2,347088,27.9,6,-1.4870993663930856,-0.08661523445011025,0,1,0,0,1,1,0
821,1,1,"Hays, Mrs. Charles Melville (Clara Jennings Gregg)",52.0,1,1,12749,93.5,3,1.7387822688329342,1.2334788273172737,1,0,0,0,1,1,0
822,1,3,"Lulic, Mr. Nikola",27.0,0,0,315098,8.6625,1,-0.18138537118255374,-0.4737388550789219,0,1,0,0,1,0,1
823,0,1,"Reuchlin, Jonkheer. John George",38.0,0,0,19972,0.0,1,0.663488390424261,-0.6480576784030068,0,1,0,0,1,0,1
824,1,3,"Moor, Mrs. (Beila)",27.0,0,1,392096,12.475,2,-0.18138537118255374,-0.39701844943123665,1,0,0,0,1,1,0
825,0,3,"Panula, Master. Urho Abraham",2.0,4,1,3101295,39.6875,6,-2.1015530111980416,0.15058916727371655,0,1,0,0,1,1,0
826,0,3,"Flynn, Mr. John",28.0,0,0,368323,6.95,1,-0.10457866558193422,-0.5082001520419805,0,1,0,1,0,0,1
827,0,3,"Lam, Mr. Len",28.0,0,0,1601,56.4958,1,-0.10457866558193422,0.48882906084695926,0,1,0,0,1,0,1
828,1,2,"Mallet, Master. Andre",1.0,0,2,S.C./PARIS 2079,37.0042,3,-2.1783597167986612,0.09659208806730764,0,1,1,0,0,1,0
829,1,3,"McCormack, Mr. Thomas Joseph",28.0,0,0,367228,7.75,1,-0.10457866558193422,-0.49210144397164657,0,1,0,1,0,0,1
830,1,1,"Stone, Mrs. George Nelson (Martha Evelyn)",62.0,0,0,113572,80.0,1,2.5068493248391293,0.9618131286303883,1,0,0,0,1,0,1
831,1,3,"Yasbeck, Mrs. Antoni (Selini Alexander)",15.0,1,0,2659,14.4542,2,-1.103065838389988,-0.3571902456652305,1,0,1,0,0,1,0
832,1,2,"Richards, Master. George Sibley",0.83,1,1,29106,18.75,3,-2.1914168567507666,-0.2707442080045548,0,1,0,0,1,1,0
833,0,3,"Saad, Mr. Amin",28.0,0,0,2671,7.2292,1,-0.10457866558193422,-0.502581702925434,0,1,1,0,0,0,1
834,0,3,"Augustsson, Mr. Albert",23.0,0,0,347468,7.8542,1,-0.48861219358503183,-0.4900045872454856,0,1,0,0,1,0,1
835,0,3,"Allum, Mr. Owen George",18.0,0,0,2223,8.3,1,-0.8726457215881294,-0.481033582173292,0,1,0,0,1,0,1
836,1,1,"Compton, Miss. Sara Rebecca",39.0,1,1,PC 17756,83.1583,3,0.7402950960248805,1.0253688157535579,1,0,1,0,0,1,0
837,0,3,"Pasic, Mr. Jakob",21.0,0,0,315097,8.6625,1,-0.6422256047862709,-0.4737388550789219,0,1,0,0,1,0,1
838,0,3,"Sirota, Mr. Maurice",28.0,0,0,392092,8.05,1,-0.10457866558193422,-0.48606442844527137,0,1,0,0,1,0,1
839,1,3,"Chip, Mr. Chang",32.0,0,0,1601,56.4958,1,0.20264815682054385,0.48882906084695926,0,1,0,0,1,0,1
840,1,1,"Marechal, Mr. Pierre",28.0,0,0,11774,29.7,1,-0.10457866558193422,-0.05039314129185886,0,1,1,0,0,0,1
841,0,3,"Alhomaki, Mr. Ilmari Rudolf",20.0,0,0,SOTON/O2 3101287,7.925,1,-0.7190323103868904,-0.48857985158126105,0,1,0,0,1,0,1
842,0,2,"Mudd, Mr. Thomas Charles",16.0,0,0,S.O./P.P. 3,10.5,1,-1.0262591327893684,-0.43676213497987365,0,1,0,0,1,0,1
843,1,1,"Serepeca, Miss. Augusta",30.0,0,0,113798,31.0,1,0.04903474561930482,-0.024232740677566176,1,0,1,0,0,0,1
844,0,3,"Lemberopolous, Mr. Peter L",34.5,0,0,2683,6.4375,1,0.39466492082209265,-0.5185133868995382,0,1,1,0,0,0,1
845,0,3,"Culumovic, Mr. Jeso",17.0,0,0,315090,8.6625,1,-0.9494524271887489,-0.4737388550789219,0,1,0,0,1,0,1
846,0,3,"Abbing, Mr. Anthony",42.0,0,0,C.A. 5547,7.55,1,0.970715212826739,-0.4961261209892301,0,1,0,0,1,0,1
847,0,3,"Sage, Mr. Douglas Bullen",28.0,8,2,CA. 2343,69.55,11,-0.10457866558193422,0.751523754461651,0,1,0,0,1,1,0
848,0,3,"Markoff, Mr. Marin",35.0,0,0,349213,7.8958,1,0.4330682736224024,-0.4891674544258282,0,1,1,0,0,0,1
849,0,2,"Harper, Rev. John",28.0,0,1,248727,33.0,2,-0.10457866558193422,0.016014029498268696,0,1,0,0,1,1,0
850,1,1,"Goldenberg, Mrs. Samuel L (Edwiga Grabowska)",28.0,1,0,17453,89.1042,2,-0.10457866558193422,1.1450204511478064,1,0,1,0,0,1,0
851,0,3,"Andersson, Master. Sigvard Harald Elias",4.0,4,2,347082,31.275,7,-1.9479395999968028,-0.01869880977838891,0,1,0,0,1,1,0
852,0,3,"Svensson, Mr. Johan",74.0,0,0,347060,7.775,1,3.4285297920465636,-0.4915983593444487,0,1,0,0,1,0,1
853,0,3,"Boulos, Miss. Nourelain",9.0,1,1,2678,15.2458,3,-1.563906071993705,-0.34126057402963506,1,0,1,0,0,1,0
854,1,1,"Lines, Miss. Mary Conover",16.0,0,1,PC 17592,39.4,2,-1.0262591327893684,0.14480369406094026,1,0,0,0,1,1,0
855,0,2,"Carter, Mrs. Ernest Courtenay (Lilian Hughes)",44.0,1,0,244252,26.0,2,1.1243286240279782,-0.12484966611715337,1,0,0,0,1,1,0
856,1,3,"Aks, Mrs. Sam (Leah Rosen)",18.0,0,1,392091,9.35,2,-0.8726457215881294,-0.45990402783097867,1,0,0,0,1,1,0
857,1,1,"Wick, Mrs. George Dennick (Mary Hitchcock)",45.0,1,1,36928,164.8667,3,1.2011353296285976,2.669618413871151,1,0,0,0,1,1,0
858,1,1,"Daly, Mr. Peter Denis ",51.0,0,0,113055,26.55,1,1.6619755632323148,-0.11378180431879875,0,1,0,0,1,0,1
859,1,3,"Baclini, Mrs. Solomon (Latifa Qurban)",24.0,0,3,2666,19.2583,4,-0.4118054879844123,-0.26051549136436636,1,0,1,0,0,1,0
860,0,3,"Razi, Mr. Raihed",28.0,0,0,2629,7.2292,1,-0.10457866558193422,-0.502581702925434,0,1,1,0,0,0,1
861,0,3,"Hansen, Mr. Claus Peter",41.0,2,0,350026,14.1083,3,0.8939085072261196,-0.36415092456714115,0,1,0,0,1,1,0
862,0,2,"Giles, Mr. Frederick Edward",21.0,1,0,28134,11.5,2,-0.6422256047862709,-0.4166387498919562,0,1,0,0,1,1,0
863,1,1,"Swift, Mrs. Frederick Joel (Margaret Welles Barron)",48.0,0,0,17466,25.9292,1,1.431555446430456,-0.1262744017813779,1,0,0,0,1,0,1
864,0,3,"Sage, Miss. Dorothy Edith ""Dolly""",28.0,8,2,CA. 2343,69.55,11,-0.10457866558193422,0.751523754461651,1,0,0,0,1,1,0
865,0,2,"Gill, Mr. John William",24.0,0,0,233866,13.0,1,-0.4118054879844123,-0.38645367226008004,0,1,0,0,1,0,1
866,1,2,"Bystrom, Mrs. (Karolina)",42.0,0,0,236852,13.0,1,0.970715212826739,-0.38645367226008004,1,0,0,0,1,0,1
867,1,2,"Duran y More, Miss. Asuncion",27.0,1,0,SC/PARIS 2149,13.8583,2,-0.18138537118255374,-0.3691817708391205,1,0,1,0,0,1,0
868,0,1,"Roebling, Mr. Washington Augustus II",31.0,0,0,PC 17590,50.4958,1,0.12584145121992435,0.36808875031945465,0,1,0,0,1,0,1
869,0,3,"van Melkebeke, Mr. Philemon",28.0,0,0,345777,9.5,1,-0.10457866558193422,-0.4568855200677911,0,1,0,0,1,0,1
870,1,3,"Johnson, Master. Harold Theodor",4.0,1,1,347742,11.1333,3,-1.9479395999968028,-0.42401799520369554,0,1,0,0,1,1,0
871,0,3,"Balkic, Mr. Cerin",26.0,0,0,349248,7.8958,1,-0.25819207678317324,-0.4891674544258282,0,1,0,0,1,0,1
872,1,1,"Beckwith, Mrs. Richard Leonard (Sallie Monypeny)",47.0,1,1,11751,52.5542,3,1.3547487408298367,0.40951072618442386,1,0,0,0,1,1,0
873,0,1,"Carlsson, Mr. Frans Olof",33.0,0,0,695,5.0,1,0.27945486242116335,-0.5474407529634195,0,1,0,0,1,0,1
874,0,3,"Vander Cruyssen, Mr. Victor",47.0,0,0,345765,9.0,1,1.3547487408298367,-0.4669472126117498,0,1,0,0,1,0,1
875,1,2,"Abelson, Mrs. Samuel (Hannah Wizosky)",28.0,1,0,P/PP 3381,24.0,2,-0.10457866558193422,-0.16509643629298823,1,0,1,0,0,1,0
876,1,3,"Najib, Miss. Adele Kiamie ""Jane""",15.0,0,0,2667,7.225,1,-1.103065838389988,-0.5026662211428032,1,0,1,0,0,0,1
877,0,3,"Gustafsson, Mr. Alfred Ossian",20.0,0,0,7534,9.8458,1,-0.7190323103868904,-0.4499268535043892,0,1,0,0,1,0,1
878,0,3,"Petroff, Mr. Nedelio",19.0,0,0,349212,7.8958,1,-0.79583901598751,-0.4891674544258282,0,1,0,0,1,0,1
879,0,3,"Laleff, Mr. Kristo",28.0,0,0,349217,7.8958,1,-0.10457866558193422,-0.4891674544258282,0,1,0,0,1,0,1
880,1,1,"Potter, Mrs. Thomas Jr (Lily Alexenia Wilson)",56.0,0,1,11767,83.1583,2,2.0460090912354123,1.0253688157535579,1,0,1,0,0,1,0
881,1,2,"Shelley, Mrs. William (Imanita Parrish Hall)",25.0,0,1,230433,26.0,2,-0.33499878238379277,-0.12484966611715337,1,0,0,0,1,1,0
882,0,3,"Markun, Mr. Johann",33.0,0,0,349257,7.8958,1,0.27945486242116335,-0.4891674544258282,0,1,0,0,1,0,1
883,0,3,"Dahlberg, Miss. Gerda Ulrika",22.0,0,0,7552,10.5167,1,-0.5654188991856514,-0.4364260744489054,1,0,0,0,1,0,1
884,0,2,"Banfield, Mr. Frederick James",28.0,0,0,C.A./SOTON 34068,10.5,1,-0.10457866558193422,-0.43676213497987365,0,1,0,0,1,0,1
885,0,3,"Sutehall, Mr. Henry Jr",25.0,0,0,SOTON/OQ 392076,7.05,1,-0.33499878238379277,-0.5061878135331888,0,1,0,0,1,0,1
886,0,3,"Rice, Mrs. William (Margaret Norton)",39.0,0,5,382652,29.125,6,0.7402950960248805,-0.061964087717411374,1,0,0,1,0,1,0
887,0,2,"Montvila, Rev. Juozas",27.0,0,0,211536,13.0,1,-0.18138537118255374,-0.38645367226008004,0,1,0,0,1,0,1
888,1,1,"Graham, Miss. Margaret Edith",19.0,0,0,112053,30.0,1,-0.79583901598751,-0.04435612576548362,1,0,0,0,1,0,1
889,0,3,"Johnston, Miss. Catherine Helen ""Carrie""",28.0,1,2,W./C. 6607,23.45,4,-0.10457866558193422,-0.17616429809134285,1,0,0,0,1,1,0
890,1,1,"Behr, Mr. Karl Howell",26.0,0,0,111369,30.0,1,-0.25819207678317324,-0.04435612576548362,0,1,1,0,0,0,1
891,0,3,"Dooley, Mr. Patrick",32.0,0,0,370376,7.75,1,0.20264815682054385,-0.49210144397164657,0,1,0,1,0,0,1
